Antarctica,,,Parts Unknown,9,6,"""Antarctica""",
Argentina,Buenos Aires,,No Reservations,3,13,"""Argentina""",No Filming Locations
Argentina,Bariloche,,No Reservations,3,13,"""Argentina""",No Filming Locations
Argentina,Buenos Aires,,Parts Unknown,8,8,"""Buenos Aires""",
Armenia,,,Parts Unknown,11,4,"""Armenia""",
Australia,Melbourne,,A Cooks Tour,2,9,Down Under: The Wild West of Cooking,
Australia,Melbourne,,No Reservations,5,12,"""Australia""",No Filming Locations
Australia,Sydney,,No Reservations,9,2,"""Sydney""",
Australia,,New South Wales,sds,2,7,Mad Tony: The Food Warrior,
Austria,Vienna,,No Reservations,7,4,"""Vienna""",
Bhutan,,,Parts Unknown,11,8,"""Bhutan""",
Brazil,Salvador da bahia,,A Cooks Tour,2,3,A Mystical World,
Brazil,Rio de Janerio,,A Cooks Tour,2,4,How to Be a Carioca,
Brazil,Sao Paulo,,No Reservations,3,9,"""Brazil""",No Filming Locations
Brazil,Belem,,No Reservations,7,6,"""Brazil (the Amazon)""",
Brazil,Rio de Janerio,,No Reservations,9,7,"""Rio""",
Brazil,,Bahia,Parts Unknown,3,9,"""Bahia, Brazil""",
Brazil,,Minas Gerais,Parts Unknown,8,9,"""Minas Gerais, Brazil""",
Brazil,Sao Paulo,,The Layover,2,4,"""São Paulo""","Bar do Luiz Fernandez, R. Augusto Tolle, 610, São Paulo, São Paulo, Brazil"
Brazil,Sao Paulo,,The Layover,2,4,"""São Paulo""","Cantina Castelões, R. Jairo Góis, 126, São Paulo, São Paulo, Brazil"
Brazil,Sao Paulo,,The Layover,2,4,"""São Paulo""","Carlinhos Restaurante, Rua Rio Bonito, 1641, São Paulo, São Paulo, Brazil"
Brazil,Sao Paulo,,The Layover,2,4,"""São Paulo""","Censiv Motel, Rua Doutor Freire Cisneiro, 80, São Paulo, São Paulo, Brazil"
Brazil,Sao Paulo,,The Layover,2,4,"""São Paulo""","Estação da Luz, Praca da Luz 1, São Paulo, São Paulo, Brazil"
Brazil,Sao Paulo,,The Layover,2,4,"""São Paulo""","Frangó, Largo da Matriz Nossa Senhora do Ó, 168, São Paulo, São Paulo, Brazil"
Brazil,Sao Paulo,,The Layover,2,4,"""São Paulo""","Hotel Unique - Avenida Brigadeiro Luis Antonio, 4700 - Jardim Paulista, São Paulo, São Paulo, Brazil"
Brazil,Sao Paulo,,The Layover,2,4,"""São Paulo""","Ibirapuera Park, Av. Pedro Álvares Cabral, São Paulo, São Paulo, Brazil"
Brazil,Sao Paulo,,The Layover,2,4,"""São Paulo""","Ici Bistro, Rua Pará, 36, São Paulo, São Paulo, Brazil"
Brazil,Sao Paulo,,The Layover,2,4,"""São Paulo""","Izakaya Issa, Rua Barão de Iguapé, 89, São Paulo, São Paulo, Brazil"
Brazil,Sao Paulo,,The Layover,2,4,"""São Paulo""","Lá da Venda, Rua Harmonia, 161, Vila Madalena, São Paulo, São Paulo, Brazil"
Brazil,Sao Paulo,,The Layover,2,4,"""São Paulo""","Liberdade, São Paulo, São Paulo, Brazil"
Brazil,Sao Paulo,,The Layover,2,4,"""São Paulo""","Love Story, Rua Araújo, 232, República, São Paulo, São Paulo, Brazil"
Brazil,Sao Paulo,,The Layover,2,4,"""São Paulo""","Monument to the Bandeiras, São Paulo, São Paulo, Brazil"
Brazil,Sao Paulo,,The Layover,2,4,"""São Paulo""","Museu Aberto de Arte Urbana, Av. Cruzeiro do Sul, São Paulo, São Paulo, Brazil"
Brazil,Sao Paulo,,The Layover,2,4,"""São Paulo""","Oscar Friere Market, Rua Oscar Freire St, São Paulo, São Paulo, Brazil"
Brazil,Sao Paulo,,The Layover,2,4,"""São Paulo""","Rua Augusta, São Paulo, São Paulo, Brazil"
Brazil,Sao Paulo,,The Layover,2,4,"""São Paulo""","São Paulo Museum of Art, Av. Paulista, 1578, São Paulo, São Paulo, Brazil"
Brazil,Sao Paulo,,The Layover,2,4,"""São Paulo""","São Paulo/Guarulhos-Governador André Franco Montoro International Airport, Guarulhos, São Paulo, Brazil"
Brazil,Sao Paulo,,The Layover,2,4,"""São Paulo""","Sé Cathedral, Praça da Sé, São Paulo, São Paulo, Brazil"
Brazil,Sao Paulo,,The Layover,2,4,"""São Paulo""","Vila Madalena, São Paulo, São Paulo, Brazil"
Brazil,Sao Paulo,,The Layover,2,4,"""São Paulo""","Z Carniceria, Rua Augusta, 934, Bela Vista, São Paulo, São Paulo, Brazil"
Cambodia,Phnom Penh,,"""Antarctica""",1,5,Wild Delicacies,
Cambodia,Siem Reip,,A Cooks Tour,1,5,Wild Delicacies,
Cambodia,Pailin,,A Cooks Tour,1,6,Eating on the Edge of Nowhere,
Cambodia,Battambang,,A Cooks Tour,1,6,Eating on the Edge of Nowhere,
Cambodia,,,No Reservations,7,2,"""Cambodia""",
Canada,Montreal,Qubec,No Reservations,2,4,"""Quebec""","Au Pied de Cochon, 536 East Duluth E, Montréal, Québec, Canada"
Canada,Montreal,Qubec,No Reservations,2,4,"""Quebec""","La Banquise, 994 Rue Rachel Est, Montréal, Québec, Canada"
Canada,Montreal,Qubec,No Reservations,2,4,"""Quebec""","La Maison Du Bagel, 263 Saint Viateur Ouest, Montréal, Québec, Canada"
Canada,Montreal,Qubec,No Reservations,2,4,"""Quebec""","Montréal Culinary Institute, Montréal, Québec, Canada"
Canada,Montreal,Qubec,No Reservations,2,4,"""Quebec""","Montréal, Québec, Canada"
Canada,Marieville,Qubec,No Reservations,2,4,"""Quebec""","Palmex Duck Farm, Marieville, Québec, Canada"
Canada,Montreal,Qubec,No Reservations,2,4,"""Quebec""","Quincaillerie Dante, 6851 Rue Saint Dominique, Montréal, Québec, Canada"
Canada,,Qubec,No Reservations,2,4,"""Quebec""","Sucrerie de la Montagne, 300 Chemin St Georges, Rigaud, Québec, Canada"
Canada,Vancouver,British Columbia,No Reservations,4,3,"""Vancouver, BC""","Cioppino's Mediterranean Grill & Enoteca - 1133 Hamilton St, Vancouver, British Columbia, Canada"
Canada,Vancouver,British Columbia,No Reservations,4,3,"""Vancouver, BC""","EA Sports Vancouver Campus, Burnaby, British Columbia, Canada"
Canada,Vancouver,British Columbia,No Reservations,4,3,"""Vancouver, BC""","Fitzsimmons Valley, British Columbia, Canada"
Canada,Vancouver,British Columbia,No Reservations,4,3,"""Vancouver, BC""","Gastown, Vancouver, British Columbia, Canada"
Canada,Vancouver,British Columbia,No Reservations,4,3,"""Vancouver, BC""","Japadog, 845 Burrard St., Vancouver, British Columbia, Canada"
Canada,Vancouver,British Columbia,No Reservations,4,3,"""Vancouver, BC""","Rangoli Restaurant, 1480 11th Avenue, Vancouver, British Columbia, Canada"
Canada,Vancouver,British Columbia,No Reservations,4,3,"""Vancouver, BC""","Sooke Harbor House, 1528 Whiffen Spit Rd, Sooke, British Columbia, Canada"
Canada,Vancouver,British Columbia,No Reservations,4,3,"""Vancouver, BC""","Tojo's Restaurant - 1133 W Broadway, Vancouver, British Columbia, Canada"
Canada,Vancouver,British Columbia,No Reservations,4,3,"""Vancouver, BC""","Whistler Mountain, Whistler, British Columbia, Canada"
Canada,Montreal,Quebec,Parts Unknown,1,4,"""Quebec""","Mac's Club Deuce, 222 14th St, Miami Beach, Florida, USA"
Canada,Quebec City,Quebec,Parts Unknown,1,4,"""Quebec""","Pubbelly, 1418 20th St, Miami Beach, Florida, USA"
Canada,St. John's,Newfoundland,Parts Unknown,11,3,"""Newfoundland""","Big R, 69 Harvey Road, St. John's, Newfoundland Canada"
Canada,Petty Harbour,Newfoundland,Parts Unknown,11,3,"""Newfoundland""","Chafe's Landing Restaurant, 11 Main Road, Petty Harbour, Newfoundland, Canada"
Canada,St. John's,Newfoundland,Parts Unknown,11,3,"""Newfoundland""","Raymonds Restaurant , 95 Water Street, St. John's, Newfoundland, Canada"
Canada,Montreal,,The Layover,1,6,"""Montreal""","Appetite for Books, 388 Victoria Ave, Westmount, Québec, Canada"
Canada,Montreal,,The Layover,1,6,"""Montreal""","Beautys Luncheonette, 93 Ave du Mont-Royal Ouest, Montréal, Québec, Canada"
Canada,Montreal,,The Layover,1,6,"""Montreal""","Big in Japan, 3723 Boulevard St-Laurent, Montréal, Québec, Canada"
Canada,Montreal,,The Layover,1,6,"""Montreal""","Brasserie Capri, 2172 Rue St-Patrick, Montréal, Québec, Canada"
Canada,Montreal,,The Layover,1,6,"""Montreal""","Brasserie T, 1425 Rue Jeanne-Mance, Montréal, Québec, Canada"
Canada,Montreal,,The Layover,1,6,"""Montreal""","Club Chasse et Peche, 423 Rue Saint-Claude, Montréal, Québec, Canada"
Canada,Montreal,,The Layover,1,6,"""Montreal""","Club Social, 180 St-Viateur St W, Montréal, Québec, Canada"
Canada,Montreal,,The Layover,1,6,"""Montreal""","Dominion Square Tavern, 1243 Metcalfe, Montréal, Québec, Canada"
Canada,Montreal,,The Layover,1,6,"""Montreal""","Gibeau Orange Julep, 7700 Boulevard Décarie, Montréal, Québec, Canada"
Canada,Montreal,,The Layover,1,6,"""Montreal""","Joe Beef in Little Burgundy, 2491 Notre Dame W, Montréal, Québec, Canada"
Canada,Montreal,,The Layover,1,6,"""Montreal""","L'Emporte Piece, 418 Rue Gilford, Montréal, Québec, Canada"
Canada,Montreal,,The Layover,1,6,"""Montreal""","L'Express, 3929 Rue Saint-Denis, Montréal, Québec, Canada"
Canada,Montreal,,The Layover,1,6,"""Montreal""","La Fromagerie Atwater, 134, rue Atwater, Montréal, Québec, Canada"
Canada,Montreal,,The Layover,1,6,"""Montreal""","Lachine Canal, Montréal, Québec, Canada"
Canada,Montreal,,The Layover,1,6,"""Montreal""","Marche Jean-Talon, 7070 Ave Henri Julien, Montréal, Québec, Canada"
Canada,Montreal,,The Layover,1,6,"""Montreal""","Marven's, 880 Ball, Montréal, Québec, Canada"
Canada,Montreal,,The Layover,1,6,"""Montreal""","Mount Royal Park, 1175 Sherbrooke O, Montréal, Québec, Canada"
Canada,Montreal,,The Layover,1,6,"""Montreal""","Nouveau Palais, 281 Rue Bernard Ouest, Montréal, Québec, Canada"
Canada,Montreal,,The Layover,1,6,"""Montreal""","Old Montreal, Vieux-Montréal, Québec, Canada"
Canada,Montreal,,The Layover,1,6,"""Montreal""","Rotisserie Romados, 115 Rue Rachel E, Montréal, Québec, Canada"
Canada,Montreal,,The Layover,1,6,"""Montreal""","Schwartz's, 3895 Saint-Laurent Blvd, Montréal, Québec, Canada"
Canada,Montreal,,The Layover,1,6,"""Montreal""","St-Viateur Bagel Shop, 263 St-Viateur West, Montréal, Québec, Canada"
Canada,Montreal,,The Layover,1,6,"""Montreal""","St. Lawrence River, Montréal, Québec, Canada"
Canada,Toronto,,The Layover,2,5,"""Toronto""",No Filming Locations
Chile,Santiago,,No Reservations,5,11,"""Chile""",No Filming Locations
Chile,,Patagonia,No Reservations,5,11,"""Chile""",No Filming Locations
China,,,No Reservations,2,1,"""Asia Special: China & Japan""","Bao du Zhang, Shichahai, Xicheng District, Beijing, China"
China,,,No Reservations,2,1,"""Asia Special: China & Japan""","Chengdu, Sichuan Province, China"
China,,,No Reservations,2,1,"""Asia Special: China & Japan""","Chinese Culture Club, Liangmaqiao Road, Chaoyang District, Beijing, China"
China,,,No Reservations,2,1,"""Asia Special: China & Japan""","Dave's Oasis, No. 21 Binjiang Zhonglu, Chengdu, Sichuan Province, China"
China,,,No Reservations,2,1,"""Asia Special: China & Japan""","Forbidden City, Dongcheng District, Beijing, China"
China,,,No Reservations,2,1,"""Asia Special: China & Japan""","Heming Teahouse, People's Park, Chengdu, Sichuan Province, China"
China,,,No Reservations,2,1,"""Asia Special: China & Japan""","Huang Chen Lao Ma, 20, 2nd Ring Rd South, 3rd Section, Chengdu, Sichuan Province, China"
China,,,No Reservations,2,1,"""Asia Special: China & Japan""","HuangLongXi, Sichuan Province, China"
China,,,No Reservations,2,1,"""Asia Special: China & Japan""","Jianfu Temple, West Youyi Road, Sichuan Province, China"
China,,,No Reservations,2,1,"""Asia Special: China & Japan""","Li Qun Roast Duck Restaurant, 11 Beixiangfeng Hutong, Dongcheng, Beijing, China"
China,,,No Reservations,2,1,"""Asia Special: China & Japan""","LiuBiJu, Liangshidian Street, Qianmen District, Beijing, China"
China,,,No Reservations,2,1,"""Asia Special: China & Japan""","No. 3 Hospital of Beijing Medical University, 49 Hua Yuan Bei Lu, Hai Dian District, Beijing, China"
China,,,No Reservations,2,1,"""Asia Special: China & Japan""","Noodle Loft, 33 Guangshun Beidajie, Chaoyang District, Beijing, China"
China,,,No Reservations,2,1,"""Asia Special: China & Japan""","Tiananmen Square, Dongcheng District, Beijing, China"
China,Shanghai,,No Reservations,3,7,"""From Shanghai to Shangri-la""",No Filming Locations
China,,Yunnan,No Reservations,3,7,"""From Shanghai to Shangri-la""",No Filming Locations
China,Hong Kong,,No Reservations,3,12,"""Hong Kong""",No Filming Locations
China,Harbin,,No Reservations,6,8,"""Harbin, China""",
China,,Macau,No Reservations,7,10,"""Macau""",
China,Shanghai,,Parts Unknown,4,2,"""Shanghai""",
China,,Sichuan,Parts Unknown,8,4,"""Sichuan""",
China,Hong Kong,,Parts Unknown,11,5,"""Hong Kong""",
China,Hong Kong,,The Layover,1,5,"""Hong Kong""","Aberdeen Fish Market, Aberdeen, Hong Kong, China"
China,Hong Kong,,The Layover,1,5,"""Hong Kong""","Chan Chi Kee Cutlery - 316-318 Shanghai Street, Yau Ma Tei, Kowloon, Hong Kong, China"
China,Hong Kong,,The Layover,1,5,"""Hong Kong""","Duk Ling Boat Tour - 128 Gloucester Road, Wan Chai, Hong Kong, China"
China,Hong Kong,,The Layover,1,5,"""Hong Kong""","Fuk Loi Kui - 4-6 Kei Lung Street, Prince Edward, Kowloon, Hong Kong, China"
China,Hong Kong,,The Layover,1,5,"""Hong Kong""","Hong Kong International Airport, Chek Lap Kok, Hong Kong, China"
China,Hong Kong,,The Layover,1,5,"""Hong Kong""","Hong Kong Island, Hong Kong, China"
China,Hong Kong,,The Layover,1,5,"""Hong Kong""","Hong Kong, China"
China,Hong Kong,,The Layover,1,5,"""Hong Kong""","Hui Lau Shan - 263 Shanghai Street, Yau Ma Tei, Kowloon, Hong Kong, China"
China,Hong Kong,,The Layover,1,5,"""Hong Kong""","Joy Hing - 265-267 Hennessy Road, Wan Chai, Hong Kong, China"
China,Hong Kong,,The Layover,1,5,"""Hong Kong""","Kin's Kitchen - 9 Tsing Fung Street, Causeway Bay, Hong Kong, China"
China,Hong Kong,,The Layover,1,5,"""Hong Kong""","Lamcombe Seafood Restaurant - 47 Main Street, Yung Shue Wan, Lamma Island, Hong Kong, China"
China,Hong Kong,,The Layover,1,5,"""Hong Kong""","Lamma Island, Hong Kong, China"
China,Hong Kong,,The Layover,1,5,"""Hong Kong""","Lugard Road, Victoria Peak, Hong Kong, China"
China,Hong Kong,,The Layover,1,5,"""Hong Kong""","Mak An Kee - 77 Wellington Street, Central, Hong Kong, China"
China,Hong Kong,,The Layover,1,5,"""Hong Kong""","Mandarin Oriental - 15 Queen's Road, Central, Hong Kong, China"
China,Hong Kong,,The Layover,1,5,"""Hong Kong""","Mido Café - 63 Temple Street, Yau Ma Tei, Kowloon, Hong Kong, China"
China,Hong Kong,,The Layover,1,5,"""Hong Kong""","New Discovery, Central, Hong Kong, China"
China,Hong Kong,,The Layover,1,5,"""Hong Kong""","Ozone Bar, Ritz-Carlton - 1 Austin Road West, Tsim Sha Tsui, Kowloon, Hong Kong, China"
China,Hong Kong,,The Layover,1,5,"""Hong Kong""","Racks MDB, 2/F, Winning Centre - 46-48 Wyndham Street, Central, Hong Kong, China"
China,Hong Kong,,The Layover,1,5,"""Hong Kong""","Simpson Sin Tailor - 15-19 Carnarvon Road, Tsim Sha Tsui, Kowloon, Hong Kong, China"
China,Hong Kong,,The Layover,1,5,"""Hong Kong""","Sing Heung Yuen - 2 Mee Lun Street, Central, Hong Kong, China"
China,Hong Kong,,The Layover,1,5,"""Hong Kong""","Tim Ho Wan - 2-8 Kwong Wah Street, Mong Kok, Hong Kong, China"
China,Hong Kong,,The Layover,1,5,"""Hong Kong""","Tsui Wah - 15-19 Wellington Street, Central, Hong Kong, China"
China,Hong Kong,,The Layover,1,5,"""Hong Kong""","Tung Po Seafood, Java Road Municipal Services Building - 99 Java Road, North Point, Hong Kong, China"
China,Hong Kong,,The Layover,1,5,"""Hong Kong""","Wan Chai Ferry Pier, Wan Chai, Hong Kong, China"
Colombia,,,No Reservations,4,12,"""Colombia""","Ah! Que Ricura, 1 Plaza Minorista, Medellin, Antioquia, Colombia"
Colombia,,,No Reservations,4,12,"""Colombia""","Basurto Market, Cartagena, Bolivar, Colombia"
Colombia,,,No Reservations,4,12,"""Colombia""","Bocagrande, Cartagena, Bolívar, Colombia"
Colombia,,,No Reservations,4,12,"""Colombia""","Brasarepa, Envigado, Medellin, Antioquia, Colombia"
Colombia,,,No Reservations,4,12,"""Colombia""","Cartagena, Bolívar, Colombia"
Colombia,,,No Reservations,4,12,"""Colombia""","Cecelia's, Basurto Market, Cartagena, Bolivar, Colombia"
Colombia,,,No Reservations,4,12,"""Colombia""","Envigado, Medellin, Antioquia, Colombia"
Colombia,,,No Reservations,4,12,"""Colombia""","Isla De Tierra Bomba, Columbia"
Colombia,,,No Reservations,4,12,"""Colombia""","La Cevicheria, Calle Stuart 7, Cartagena, Bolivar, Colombia"
Colombia,,,No Reservations,4,12,"""Colombia""","La Queareparaenamorarte, Partida El Retiro, Las Palmas, Medellin, Antioquia, Colombia"
Colombia,,,No Reservations,4,12,"""Colombia""","Plaza Botero, Medellin, Antioquia, Colombia"
Colombia,,,No Reservations,4,12,"""Colombia""","Plaza Minorista, Medellin, Antioquia, Colombia"
Colombia,,,No Reservations,4,12,"""Colombia""","San Antonio de Pereira, Sahagún, Córdoba, Columbia"
Colombia,,,No Reservations,4,12,"""Colombia""","Santo Domingo Savio, Medellin, Antioquia, Colombia"
Colombia,,,No Reservations,4,12,"""Colombia""","Tierra Bomba, Isla De Tierra Bomba, Columbia"
Colombia,,Andean Region,Parts Unknown,1,3,"""Colombia""","Miami International Airport - 1640 NW 42nd Avenue, Miami, Florida, USA"
Colombia,,Caribbean Natural Region,Parts Unknown,1,3,"""Colombia""","Miami Jai-Alai Fronton - 3500 NW 37th Avenue, Miami, Florida, USA"
Colombia,,Amazon Natural Region,Parts Unknown,1,3,"""Colombia""","Michael's Genuine, 130 NE 40th St, Miami, Florida, USA"
Congo,,,Parts Unknown,1,8,"""Congo""",
Country,City,Provence,Show,Season,Episode,Title,Visit Location
Croatia,,,No Reservations,8,3,"""Croatian Coast""",
Cuba,,,No Reservations,7,9,"""Cuba""",
Cuba,,,Parts Unknown,6,2,"""Cuba""",
Czechia,Prague,,No Reservations,6,4,"""Prague""",
Denmark,Copenhagen,,Parts Unknown,2,5,"""Copenhagen""",
Dominican Republic,,,No Reservations,9,9,"""Dominican Republic""",
Ecuador,Quito,,No Reservations,6,6,"""Ecuador""",
Ecuador,Sangolqui,,No Reservations,6,6,"""Ecuador""",
Ecuador,Puerto Lopez,,No Reservations,6,6,"""Ecuador""",
Ecuador,Guayaquil,,No Reservations,6,6,"""Ecuador""",
Egypt,,,No Reservations,4,18,"""Egypt""",
Ethopia,,,Parts Unknown,6,6,"""Ethiopia""",
Finland,Helsinki,,No Reservations,8,6,"""Finland""",
France,Arcachon,,A Cooks Tour,1,9,Childhood Flavors,
France,Mugron,,A Cooks Tour,1,10,Stuffed Like a Pig,
France,Arcachon,,A Cooks Tour,1,10,Stuffed Like a Pig,
France,,St Martin,A Cooks Tour,2,1,Food Tastes Better with Sand Between Your Toes,
France,Paris,,No Reservations,1,1,"""France: Why the French Don't Suck""",No Filming Locations
France,,Brittany,No Reservations,6,3,"""Brittany""",
France,,Provence,No Reservations,6,9,"""Provence""",
France,Paris,,No Reservations,6,24,"""100th Episode - Paris""",
France,,Burgandy,No Reservations,9,5,"""Burgundy""",
France,Lyon,,Parts Unknown,3,4,"""Lyon""",
France,Marseille,,Parts Unknown,6,3,"""Marseille, France""",
France,,French Alps,Parts Unknown,10,2,"""French Alps""",
France,Paris,,The Layover,2,2,"""Paris""","Septime, 80 Rue de Charonne, Paris, Île-de-France 75011 France"
France,Paris,,The Layover,2,2,"""Paris""","L'Avant-Comptoir, 9 Carrefour de l'Odeon, Paris, Île-de-France 75006 France"
France,Paris,,The Layover,2,2,"""Paris""","Du Pain et des Idées, 34 Rue Yves Toudic, Paris, Île-de-France 75010 France"
France,Paris,,The Layover,2,2,"""Paris""","Paris, Île-de-France, France"
France,Paris,,The Layover,2,2,"""Paris""","Hotel Particulier Montmartre, 23 Avenue Junot, Pavillion D, Paris, Île-de-France 75018 France"
France,Paris,,The Layover,2,2,"""Paris""","Hotel Amour, 8 Rue Navarin, Paris, Île-de-France 75009 France"
France,Paris,,The Layover,2,2,"""Paris""","Saint-Germain-des-Prés, Paris 6, Paris, France"
France,Paris,,The Layover,2,2,"""Paris""","Au Petit Fer à Cheval, 30 Rue Vieille du Temple, 75004 Paris, France"
France,Paris,,The Layover,2,2,"""Paris""","Au Passage, 1 bis, Passage Saint-Sebastien, Paris, Île-de-France 75004 France"
France,Paris,,The Layover,2,2,"""Paris""","Rue Montorgueil, Paris 2, Paris, France"
France,Paris,,The Layover,2,2,"""Paris""","Café le Dôme - 108 Boulevard de Montparnasse, Paris 15, Paris, France"
France,Paris,,The Layover,2,2,"""Paris""","Le Baratin, 3 Rue Jouye-Rouve, Paris, Île-de-France 75020 France"
France,Paris,,The Layover,2,2,"""Paris""","La Palette, 43 Rue de Seine, Paris, Île-de-France 75006 France"
France,Paris,,The Layover,2,2,"""Paris""","Camion Qui Fume, Paris, Île-de-France France"
France,Paris,,The Layover,2,2,"""Paris""","Buttes-Chaumont Park, Paris, Île-de-France, France"
France,Paris,,The Layover,2,2,"""Paris""","Notre Dame de Paris, 6 Parvis Notre-Dame, Place Jean-Paul II, 75004 Paris, France"
France,Paris,,The Layover,2,2,"""Paris""","Marche Des Enfants Rouges, Le Marais, Paris, France"
France,Paris,,The Layover,2,2,"""Paris""","Paris Charles de Gaulle Airport, Roissy-en-France, Val-d'Oise, France"
France,Paris,,The Layover,2,2,"""Paris""","Le Pure Cafe - 14 Rue Jean Macé, Paris 11, Paris, France"
France,Paris,,The Layover,2,2,"""Paris""","Bistrot Paul Bert, 18 Rue Paul Bert, Paris, Île-de-France 75011 France"
France,Paris,,The Layover,2,2,"""Paris""","Paris Métro, Paris, France"
France,Paris,,The Layover,2,2,"""Paris""","Aux Deux Amis, 45 Rue Oberkampf, Paris, Île-de-France 75011 France"
France,Paris,,The Layover,2,2,"""Paris""","Coquelicot, 24 Rue des Abbesses, 75018 Paris, France"
France,Paris,,The Layover,2,2,"""Paris""","Canal Saint-Martin, Paris 10, Paris, France"
France,Paris,,The Layover,2,2,"""Paris""","Californie Cantine, Paris, France"
France,Paris,,The Layover,2,2,"""Paris""","Berthillon, 29-31 Rue Saint-Louis en I'lle, Paris, Île-de-France 75004 France"
France,Paris,,The Layover,2,2,"""Paris""","Jardin du Luxembourg, Paris 6, Paris, France"
France,Paris,,The Layover,2,2,"""Paris""","Restaurant Le Wepler, 14 Place de Clichy, Paris 18, Paris, France"
France,Paris,,The Layover,2,2,"""Paris""","Urfa Dürüm, 58 Rue du Faubourg Saint-Denis, Paris, Île-de-France 75010 France"
France,Paris,,The Layover,2,2,"""Paris""","E. Dehillerin, 18-20 Rue Coquillière, 75001 Paris, France"
France,Paris,,The Layover,2,2,"""Paris""","Shakespeare & Company - 37 Rue de la Bucherie, Paris 5, Paris, France"
France,Paris,,The Layover,2,2,"""Paris""","Le Verre Volé, 67 Rue de Lancry, Paris, Île-de-France 75010 France"
French Polynesia,Tahiti,,No Reservations,3,10,"""French Polynesia""",No Filming Locations
French Polynesia,Marquesas Islands,,No Reservations,3,10,"""French Polynesia""",No Filming Locations
Georgia,Tbilisi,,Parts Unknown,7,6,"""Tbilisi, Georgia""",
Germany,Berlin,,No Reservations,4,2,"""Berlin""",No Filming Locations
Germany,Cologne,,Parts Unknown,7,8,"""Cologne, Germany""",
Germany,Berlin,,Parts Unknown,11,6,"""Berlin""",
Ghana,,,No Reservations,3,2,"""Ghana""","Kumasi, Ashanti, Ghana"
Ghana,,,No Reservations,3,2,"""Ghana""","Nzulezo, Ghana"
Ghana,,,No Reservations,3,2,"""Ghana""","Makola Market, Kojo Thompson Road, Accra, Ghana"
Ghana,,,No Reservations,3,2,"""Ghana""","Labadi Beach, Accra, Ghana"
Ghana,,,No Reservations,3,2,"""Ghana""","Osu Night Market, Basel Street. Accra, Ghana"
Ghana,,,No Reservations,3,2,"""Ghana""","Asanka Local, Accra, Ghana"
Ghana,,,No Reservations,3,2,"""Ghana""","Mole Game Reserve, Ghana"
Ghana,,,No Reservations,3,2,"""Ghana""","Mestay Bar, Nzulezo, Ghana"
Ghana,,,No Reservations,3,2,"""Ghana""","Adanwomase Kente Village, Ghana"
Ghana,,,No Reservations,3,2,"""Ghana""","Beyin, Ghana"
Greece,,,No Reservations,4,4,"""Greek Islands""","Pantheon Restaurant, Heraklia Market, 2 Theodosaki Dirty Alley, Heraklion, Crete, Greece"
Greece,,,No Reservations,4,4,"""Greek Islands""","Neoria Seaside Taverna, 5 Akti Enoseos, Chania, Crete, Greece"
Greece,,,No Reservations,4,4,"""Greek Islands""","Bougatsa Hanion, Apokoronou 37, Chania, Crete, Greece"
Greece,,,No Reservations,4,4,"""Greek Islands""","Alitzarini Restaurant, Koilomenos, Zakynthos, Greece"
Greece,,,No Reservations,4,4,"""Greek Islands""","Chania, Crete, Greece"
Greece,,,No Reservations,4,4,"""Greek Islands""","Koilomenos, Zakynthos, Greece"
Greece,,,No Reservations,4,4,"""Greek Islands""","Heraklion, Crete, Greece"
Greece,,,No Reservations,4,4,"""Greek Islands""","Heraklia Market, 2 Theodosaki Dirty Alley, Heraklion, Crete, Greece"
Greece,,,No Reservations,4,4,"""Greek Islands""","Anogeia, Rethymno, Crete, Greece"
Greece,,,No Reservations,4,4,"""Greek Islands""","Navagio Beach, Zakynthos, Greece"
Greece,,,No Reservations,4,4,"""Greek Islands""","Ionian Islands, Greece"
Greece,,Greek Islands,Parts Unknown,7,4,"""The Greek Islands""",
Haiti,,,No Reservations,7,1,"""Haiti""",
Hungary,Budapest,,Parts Unknown,5,7,"""Budapest""",
Iceland,Reykjavík,,No Reservations,1,2,"""Iceland: Hello Darkness My Old Friend""","Vox Restaurant, Nordica Hilton Hotel, Reykjavík, Iceland"
Iceland,Reykjavík,,No Reservations,1,2,"""Iceland: Hello Darkness My Old Friend""","Þrir Frakkar, Baldursgata, 14, 101 Reykjavik, Iceland"
Iceland,Reykjavík,,No Reservations,1,2,"""Iceland: Hello Darkness My Old Friend""","NLFI Spa and Medical Clinic, Hveragerði, Iceland"
Iceland,Reykjavík,,No Reservations,1,2,"""Iceland: Hello Darkness My Old Friend""","Bæjarins Beztu Pylsur, Reykjavík, Iceland"
Iceland,Reykjavík,,No Reservations,1,2,"""Iceland: Hello Darkness My Old Friend""","Blue Lagoon, Grindavík, Reykjanes, Iceland"
Iceland,Reykjavík,,No Reservations,1,2,"""Iceland: Hello Darkness My Old Friend""","Nordica Hilton Hotel, Reykjavík, Iceland"
India,,Rajasthan,No Reservations,2,9,"""India (Rajasthan)""","Gorbandh Palace, Jaisalmer, Rajasthan, India"
India,,Rajasthan,No Reservations,2,9,"""India (Rajasthan)""","Lake Palace Hotel, Jagniwas Island, Lake Pichola, Udaipur, Rajasthan, India"
India,,Rajasthan,No Reservations,2,9,"""India (Rajasthan)""","Natraj Thali Restaurant, Udaipur, Rajasthan, India"
India,,Rajasthan,No Reservations,2,9,"""India (Rajasthan)""","Udaipur, Rajasthan, India"
India,,Rajasthan,No Reservations,2,9,"""India (Rajasthan)""","Delwara, India"
India,,Rajasthan,No Reservations,2,9,"""India (Rajasthan)""","Jaisalmer, Rajasthan, India"
India,,Rajasthan,No Reservations,2,9,"""India (Rajasthan)""","Devi Garh Hotel, Delwara, Rajasthan, India"
India,,Rajasthan,No Reservations,2,9,"""India (Rajasthan)""","Jaipur, Rajasthan, India"
India,,Rajasthan,No Reservations,2,9,"""India (Rajasthan)""","Marudhar Restaurant, Jaisalmer, Rajasthan, India"
India,,Rajasthan,No Reservations,2,9,"""India (Rajasthan)""","Jailsalmer Fort, Jaisalmer, Rajasthan, India"
India,,Rajasthan,No Reservations,2,9,"""India (Rajasthan)""","Taj Unmaid Bhawan Palace, Jodhpur, Rajasthan, India"
India,,,No Reservations,2,10,"""India (Kolkata/Mumbai)""","Howrah Station, Calcutta, West Bengal, India"
India,,,No Reservations,2,10,"""India (Kolkata/Mumbai)""","Howrah Bridge, Kolkata, West Bengal, India"
India,,,No Reservations,2,10,"""India (Kolkata/Mumbai)""",India
India,,,No Reservations,2,10,"""India (Kolkata/Mumbai)""","Bali Island, India"
India,,,No Reservations,2,10,"""India (Kolkata/Mumbai)""","Kolkata, West Bengal, India"
India,,,No Reservations,2,10,"""India (Kolkata/Mumbai)""","Mumbai, Maharashtra, India"
India,,,No Reservations,2,10,"""India (Kolkata/Mumbai)""","Ganges River, India"
India,,,No Reservations,2,10,"""India (Kolkata/Mumbai)""","Taj Bengal Hotel, 34 Belvedere Road, Kolkata, West Bengal, India"
India,,,No Reservations,2,10,"""India (Kolkata/Mumbai)""","Malik Ghat Flower Market, Kolkata, West Bengal, India"
India,,,No Reservations,2,10,"""India (Kolkata/Mumbai)""","Sundarban Bali Jungle Camp, 24 Parganas South, Sundarbans National Park, India"
India,,,No Reservations,2,10,"""India (Kolkata/Mumbai)""","Bhendi Bazaar. Mumbai, Maharashtra, India"
India,,,No Reservations,2,10,"""India (Kolkata/Mumbai)""","Taj Mahal Cold Drink House, Sayed Abu Mohammed Road, Bhendi Bazaar, Mumbai, Maharashtra, India"
India,,Kerala,No Reservations,6,17,"""Kerala, India""",
India,,Kerala,No Reservations,6,22,"""Making of India""",
India,,Punjab,Parts Unknown,3,2,"""Punjab, India""",
Indonesia,,,No Reservations,2,12,"""Indonesia""","Rumah Makan Carano, Jl. Cikini Raya no. 73, Kompleks Taman Ismail Marzuki, Menteng - Jakarta Pusat, Jakarta, Indonesia"
Indonesia,,,No Reservations,2,12,"""Indonesia""","Garut, West Java, Indonesia"
Indonesia,,,No Reservations,2,12,"""Indonesia""","Kampung Sampireun Resort & Spa, Jalan Raya Samarang Kamojang Ciparay, Desa Sukakarya, Garut, West Java, Indonesia"
Indonesia,,,No Reservations,2,12,"""Indonesia""","Dreamland Beach, Uluwatu, Bali, Indonesia"
Indonesia,,,No Reservations,2,12,"""Indonesia""","Ubud, Gianyar, Bali, Indonesia"
Indonesia,,,No Reservations,2,12,"""Indonesia""","Warung Babi Guling Ibu Oka 3, Jalan Suweta/Tegal Sari No. 2, Ubud, Bali, Indonesia"
Indonesia,,,No Reservations,2,12,"""Indonesia""","Ancol, Jakarta, Indonesia"
Indonesia,,,No Reservations,2,12,"""Indonesia""","Tegenungan Waterfall, Kemenuh, Sukawati, Gianyar Regency, Bali, Indonesia"
Indonesia,,,No Reservations,2,12,"""Indonesia""","Ritz Carlton Bali, Jalan Raya Nusa Dua Selatan Lot #3, Sawangan, Nusa Dua, Bali, Indonesia"
Indonesia,,Borneo,Parts Unknown,6,7,"""Borneo""",
Indonesia,,,Parts Unknown,12,3,"""Indonesia""",
Iran,Tehran,,Parts Unknown,4,7,"""Iran""",
Iran,Isfahan,,Parts Unknown,4,7,"""Iran""",
Iraq,,Kurdistan,No Reservations,7,15,"""Kurdistan""",
Ireland,,,No Reservations,3,1,"""Ireland""","Leo Burdock's, 2 Werburgh Street, Dublin, Ireland"
Ireland,,,No Reservations,3,1,"""Ireland""","King Sitric, 13 East Pier, Dublin, Ireland"
Ireland,,,No Reservations,3,1,"""Ireland""","Crown Saloon, 46 Great Victoria Street, Belfast, County Antrim, Northern Ireland, UK"
Ireland,,,No Reservations,3,1,"""Ireland""","Cayenne Restaurant, Shaftesbury Square, Town Centre, Belfast, County Antrim, Northern Ireland, UK"
Ireland,,,No Reservations,3,1,"""Ireland""","Howth, Fingal, County Dublin, Ireland"
Ireland,,,No Reservations,3,1,"""Ireland""","Shankill District, Belfast, County Antrim, Northern Ireland, UK"
Ireland,,,No Reservations,3,1,"""Ireland""","Peace Wall, Cupar Way, Belfast, County Antrim, Northern Ireland, UK"
Ireland,,,No Reservations,3,1,"""Ireland""","Falls Road, Belfast, County Antrim, Northern Ireland, UK"
Ireland,,,No Reservations,3,1,"""Ireland""","Madina Asian Food Company, Dublin, Ireland"
Ireland,,,No Reservations,3,1,"""Ireland""","County Cork, Ireland"
Ireland,,,No Reservations,3,1,"""Ireland""","Gubbeen House, Gubbeen, Schull, County Cork, Ireland"
Ireland,,,No Reservations,3,1,"""Ireland""","Bresnan's Victuallers, 13 Grand Parade Market, County Cork, Ireland"
Ireland,,,No Reservations,3,1,"""Ireland""","Ivory Tower Restaurant, The Exchange Buildings, 35 Princes St, County Cork, Ireland"
Ireland,Dublin,,The Layover,2,6,"""Dublin""","Bear, 35 William Street South, Dublin, Ireland"
Ireland,Dublin,,The Layover,2,6,"""Dublin""","Crackbird, 60 Dame Street, Dublin, Ireland"
Ireland,Dublin,,The Layover,2,6,"""Dublin""","Skinflint, 19 Crane Lane, Dublin, Ireland"
Ireland,Dublin,,The Layover,2,6,"""Dublin""","The Palace Bar, 21 Fleet Street, Dublin, Ireland"
Ireland,Dublin,,The Layover,2,6,"""Dublin""","Coppinger Row, 1 Coppinger Row, Dublin, Ireland"
Ireland,Dublin,,The Layover,2,6,"""Dublin""","The Chop House, 2 Shelbourne Road, Dublin, Ireland"
Ireland,Dublin,,The Layover,2,6,"""Dublin""","Chapter One, 19 Parnell Square North, Dublin, Ireland"
Ireland,Dublin,,The Layover,2,6,"""Dublin""","Winding Stair, 40 Ormond Quay Lower, Dublin, Ireland"
Ireland,Dublin,,The Layover,2,6,"""Dublin""","Hogan's, 37 South Great George's Street, Dublin, Ireland"
Ireland,Dublin,,The Layover,2,6,"""Dublin""","Roma II, 28 Wexford Street, Dublin, Ireland"
Ireland,Dublin,,The Layover,2,6,"""Dublin""","The Gigs Place, Richmond Street South, Dublin, Dublin, Ireland"
Ireland,Dublin,,The Layover,2,6,"""Dublin""","Matt the Thresher, 32 Pembroke Street Lower, Dublin, Ireland"
Ireland,Dublin,,The Layover,2,6,"""Dublin""","Dublin Airport, Dublin, County Dublin, Ireland"
Ireland,Dublin,,The Layover,2,6,"""Dublin""","Lolly and Cooks, Georges St Arcade Cafe, Drury Street, Dublin 2, Dublin, Ireland"
Ireland,Dublin,,The Layover,2,6,"""Dublin""","Dublin, Ireland"
Ireland,Dublin,,The Layover,2,6,"""Dublin""","Kinlay House, 2-12 Lord Edward Street, Temple Bar, Dublin 2, Ireland"
Ireland,Dublin,,The Layover,2,6,"""Dublin""","Cobblestone, 77 King St N, Smithfield, Dublin 7, Ireland"
Ireland,Dublin,,The Layover,2,6,"""Dublin""","The Cake Cafe, The Daintree Building, 8 Pleasants Pl, Dublin, Ireland"
Ireland,Dublin,,The Layover,2,6,"""Dublin""","O'Donovan, 44 Pearse Street, Dublin 2, Ireland"
Ireland,Dublin,,The Layover,2,6,"""Dublin""","Sheridans Cheesemongers, Old Virginia Road, Pottlereagh, County Meath, Ireland"
Ireland,Dublin,,The Layover,2,6,"""Dublin""","Cathach Books, 10 Duke Street, Dublin, Ireland"
Ireland,Dublin,,The Layover,2,6,"""Dublin""","The 40 Foot, Sandycove Avenue North, Dublin, Ireland"
Ireland,Dublin,,The Layover,2,6,"""Dublin""","Four Seasons Hotel, 4 Simmonscourt Road, Dublin, Ireland"
Ireland,Dublin,,The Layover,2,6,"""Dublin""","O'Callaghan Davenport Hotel, 2 Merrion Street Lower, Dublin, Ireland"
Ireland,Dublin,,The Layover,2,6,"""Dublin""","Slattery's Bar, 129 Capel Street, Dublin, Ireland"
Ireland,Dublin,,The Layover,2,6,"""Dublin""","Celtic Whiskey Shop, 28 Dawson Street, Dublin, Dublin, Ireland"
Ireland,Dublin,,The Layover,2,6,"""Dublin""","Fallon & Byrne, 11-17 Exchequer Street, Dublin, Ireland"
Ireland,Dublin,,The Layover,2,6,"""Dublin""","Kavanagh's, 1 Prospect Square, Dublin, Dublin, Ireland"
Ireland,Dublin,,The Layover,2,6,"""Dublin""","Mulligan's, 8 Poolbeg Street, Dublin, Ireland"
Ireland,Dublin,,The Layover,2,6,"""Dublin""","The Long Hall, 51 South Great George's Street, Dublin, Dublin, Ireland"
Israel,,,Parts Unknown,2,2,"""Jerusalem""",
Italy,,Sicily,No Reservations,1,6,"""Sicily""","II Capo Market, Palermo, Sicily, Italy"
Italy,,Sicily,No Reservations,1,6,"""Sicily""","Antica Focacceria San Francesco, Via Alessandro Paternostro, 58, 90133 Palermo, Sicily, Italy"
Italy,,Sicily,No Reservations,1,6,"""Sicily""","Cuci Lampo, Corso Calatafimi 922, Palermo, Sicily, Italy"
Italy,,Sicily,No Reservations,1,6,"""Sicily""","Fontana Pretoria, Piazza della Pretoria, Palermo, Sicily, Italy"
Italy,,Sicily,No Reservations,1,6,"""Sicily""","Trapani, Sicily, Italy"
Italy,,Sicily,No Reservations,1,6,"""Sicily""","Pantelleria, Trapani, Sicily, Italy"
Italy,,Sicily,No Reservations,1,6,"""Sicily""","Lampedusa, Agrigento, Sicily, Italy"
Italy,,Sicily,No Reservations,1,6,"""Sicily""","Taormina, Messina, Sicily, Italy"
Italy,,Sicily,No Reservations,1,6,"""Sicily""","Teatro Antico di Taormina, Taormina, Sicily, Italy"
Italy,,Sicily,No Reservations,1,6,"""Sicily""","Mount Etna, Catania, Sicily, Italy"
Italy,,Tuscany,No Reservations,3,15,"""Tuscany""",No Filming Locations
Italy,Venice,,No Reservations,5,2,"""Venice""",
Italy,,Sardinia,No Reservations,5,20,"""Sardinia""",
Italy,Rome,,No Reservations,6,20,"""Rome""",
Italy,Naples,,No Reservations,7,11,"""Naples""",
Italy,,Emilia Romagna,No Reservations,9,4,"""Emilia Romagna""",
Italy,,Sicily,Parts Unknown,2,6,"""Sicily""",
Italy,Rome,,Parts Unknown,8,10,"""Rome""",
Italy,,Southern Italy,Parts Unknown,10,8,"""Southern Italy""",
Italy,Rome,,The Layover,1,3,"""Rome""","Angelina in Lungotevere, Ponte Sant'Angelo, Rome, Lazio, Italy"
Italy,Rome,,The Layover,1,3,"""Rome""","Café Vitti in Centro, Piazza San Lorenzo in Lucina, 33 00186 Rome, Lazio, Italy"
Italy,Rome,,The Layover,1,3,"""Rome""","Betto e Mary, Via dei Savorgnan, 99 00176 Rome, Lazio, Italy"
Italy,Rome,,The Layover,1,3,"""Rome""","Cinema al Belvedere, Rome, Lazio, Italy"
Italy,Rome,,The Layover,1,3,"""Rome""","E Volpetti in Testaccio, Via Marmorata, 47, 00153 Rome, Lazio, Italy"
Italy,Rome,,The Layover,1,3,"""Rome""","Cacio e Pepe in Prati, Via Giuseppe Avezzana, 11 00195 Rome, Lazio, Italy"
Italy,Rome,,The Layover,1,3,"""Rome""","Café Faggiani, Via G Ferrari 23-29 Prati, Rome, Lazio, Italy"
Italy,Rome,,The Layover,1,3,"""Rome""","Filetti di Baccala in Centro, Largo dei Librari, 88, 00186 Rome, Lazio, Italy"
Italy,Rome,,The Layover,1,3,"""Rome""","Freni e Frizioni in Trastevere, Via del Politeama, 4 00153 Rome, Lazio, Italy"
Italy,Rome,,The Layover,1,3,"""Rome""","I Porchettoni, Via Del Pigneto, 68, Rome, Lazio, Italy"
Italy,Rome,,The Layover,1,3,"""Rome""","Gelateria dei Gracchi, Via dei Gracchi, 272 00190 Rome, Lazio, Italy"
Italy,Rome,,The Layover,1,3,"""Rome""","La Giorgione, Rome, Lazio, Italy"
Italy,Rome,,The Layover,1,3,"""Rome""","Pascucci in Centro, Via di Torre Argentina, 20, Rome, Lazio, Italy"
Italy,Rome,,The Layover,1,3,"""Rome""","Gianicolo in Trastevere, Via Nicola Fabrizi, 11 00153 Rome, Lazio, Italy"
Italy,Rome,,The Layover,1,3,"""Rome""","Pizzarium, Via della Meloria, 43 00136 Rome, Lazio, Italy"
Italy,Rome,,The Layover,1,3,"""Rome""","Hotel de Russie, Via del Babuino, 9, 00187 Rome, Lazio, Italy"
Jamacia,,,No Reservations,4,7,"""Jamaica""","Aunt Merl's Fish Shack, Half Moon Bay, Hellshire Beach, Kingston, Saint Andrew Parish, Jamaica"
Jamacia,,,No Reservations,4,7,"""Jamaica""","Craighton Estate Blue Mountain Coffee, Irish Road, Kingston, Kingston Parish, Jamaica"
Jamacia,,,No Reservations,4,7,"""Jamaica""","Rae Town, Kingston, Saint Andrew Parish, Jamaica"
Jamacia,,,No Reservations,4,7,"""Jamaica""","Sonic Sounds, Kingston, Saint Andrew Parish, Jamaica"
Jamacia,,,No Reservations,4,7,"""Jamaica""","Kingston, Saint Andrew Parish, Jamaica"
Jamacia,,,No Reservations,4,7,"""Jamaica""","Coronation Market, Kingston, Saint Andrew Parish, Jamaica"
Jamacia,,,No Reservations,4,7,"""Jamaica""","Red Hills Road, Kingston, Saint Andrew Parish, Jamaica"
Jamacia,,,No Reservations,4,7,"""Jamaica""","Blue Mountains, Jamaica"
Jamacia,,,No Reservations,4,7,"""Jamaica""","Hellshire Beach, Kingston, Saint Andrew Parish, Jamaica"
Jamacia,Port Antonio,,Parts Unknown,4,9,"""Jamaica""",
Japan,Tokyo,,A Cooks Tour,1,1,A Taste of Tokyo,
Japan,Atami,,A Cooks Tour,1,2,Dining with Geishas,
Japan,Tokyo,,A Cooks Tour,1,6,Eating on the Edge of Nowhere,
Japan,Osaka,,No Reservations,2,1,"""Asia Special: China & Japan""",
Japan,Kisoji,,No Reservations,2,1,"""Asia Special: China & Japan""",
Japan,Osaka,,No Reservations,2,7,Japan,No Filming Locations
Japan,Kisoji,,No Reservations,2,7,Japan,No Filming Locations
Japan,Tokyo,,No Reservations,4,,"""Tokyo""",
Japan,Sapporo,Hokkaido,No Reservations,7,8,"""Japan: Hokkaido""",
Japan,Kanazawa,,No Reservations,8,5,"""Japan: Cook It Raw""",
Japan,Tokyo,,Parts Unknown,2,8,"""Tokyo""",
Japan,,Okinawa,Parts Unknown,6,4,"""Okinawa, Japan""",
Japan,,Ishikawa,Parts Unknown,8,7,"""Japan""",
Japan,,Tochigi,Parts Unknown,8,7,"""Japan""",
Kenya,,,Parts Unknown,12,1,"""Kenya""",
Korea,,,No Reservations,2,11,"""Korea""","Noryangjin Seafood Market, Dongjak noryangjindong 13-8, Dongjak District, Seoul, South Korea"
Korea,,,No Reservations,2,11,"""Korea""","Hangang, 316-5 Hangangro 2ga, Yongsan-gu, Seoul, South Korea"
Korea,,,No Reservations,2,11,"""Korea""","Hantan River Fish Restaurant, 620-7 Jeongok-ri, Seoul, South Korea"
Korea,,,No Reservations,2,11,"""Korea""","Seoul, South Korea"
Korea,,,No Reservations,2,11,"""Korea""",South Korea
Korea,,,No Reservations,2,11,"""Korea""","Yeoncheon, South Korea"
Korea,,,No Reservations,2,11,"""Korea""","Hantan River, South Korea"
Korea,,,No Reservations,2,11,"""Korea""","Hantan, South Korea"
Korea,,,No Reservations,2,11,"""Korea""","Yangpyeong, South Korea"
Laos,Vientiane,,No Reservations,4,11,"""Laos""","Plain of Jars, Xiangkhouang Province, Laos"
Laos,Vientiane,,No Reservations,4,11,"""Laos""","Hmong Village, Hmong, Laos"
Laos,Vientiane,,No Reservations,4,11,"""Laos""","Mekong River, Laos"
Laos,Vientiane,,No Reservations,4,11,"""Laos""","Vientiane, Laos"
Laos,Vientiane,,No Reservations,4,11,"""Laos""","Xiangkhouang Province, Laos"
Laos,Vientiane,,No Reservations,4,11,"""Laos""","Phonsavan, Laos"
Laos,Vientiane,,No Reservations,4,11,"""Laos""","Auberge de la Plaine des Jarres, Phonsavan, Laos"
Laos,Vientiane,,No Reservations,4,11,"""Laos""","Luang Prabang, Laos"
Laos,Vientiane,,No Reservations,4,11,"""Laos""","Ban Xang Hai, Laos"
Laos,,,Parts Unknown,9,4,"""Laos""",
Lebanon,Beruit,,No Reservations,2,13,"""Anthony Bourdain in Beirut""","Le Chef, Beirut, Lebanon"
Lebanon,Beruit,,No Reservations,2,13,"""Anthony Bourdain in Beirut""","Hariri Memorial, Beirut, Lebanon"
Lebanon,Beruit,,No Reservations,2,13,"""Anthony Bourdain in Beirut""","Sky Bar, Beirut, Lebanon"
Lebanon,Beruit,,No Reservations,2,13,"""Anthony Bourdain in Beirut""","Barbar Restaurant, Beirut, Lebanon"
Lebanon,Beruit,,No Reservations,2,13,"""Anthony Bourdain in Beirut""","Le Royal Hotel, Beirut, Lebanon"
Lebanon,Beruit,,No Reservations,2,13,"""Anthony Bourdain in Beirut""","USS Nashville, Mediterranean Sea"
Lebanon,Beirut,,No Reservations,6,21,"""Back to Beirut""",
Lebanon,Beruit,,Parts Unknown,5,9,"""Beirut""",
Liberia,,,No Reservations,6,16,"""Liberia""",
Libya,,,Parts Unknown,1,6,"""Libya""","River Oyster Bar, 650 South Miami Ave, Miami, Florida, USA"
Madagascar,,,Parts Unknown,5,5,"""Madagascar""",
Malaysia,Kuala Lumpur,,No Reservations,1,5,"""Malaysia: Into the Jungle""","Skrang River Valley, Sarawak, Malaysia"
Malaysia,Kuala Lumpur,,No Reservations,1,5,"""Malaysia: Into the Jungle""","Kuala Lumpur, Malaysia"
Malaysia,Kuala Lumpur,,No Reservations,1,5,"""Malaysia: Into the Jungle""","Kampung Baru, Kuala Lumpur, Malaysia"
Malaysia,Kuala Lumpur,,No Reservations,1,5,"""Malaysia: Into the Jungle""","Batu Caves, Gombak, Selangor, Malaysia"
Malaysia,Kuala Lumpur,,No Reservations,1,5,"""Malaysia: Into the Jungle""","The Place Under the Big Tree, No. 6 Jalan Tiga, Sungai Besi, Kuala Lumpur, Malaysia"
Malaysia,Kuala Lumpur,,No Reservations,1,5,"""Malaysia: Into the Jungle""","Choon Hui Coffee Shop, Ban Hock Road, Kuching, Sarawak, Malaysia"
Malaysia,Kuala Lumpur,,No Reservations,1,5,"""Malaysia: Into the Jungle""","Borneo Ink, 8-3 Jalan 27/70A, Desa Sri Hartamas, 50480, Kuala Lumpur, Malaysia"
Malaysia,Kuala Lumpur,,No Reservations,1,5,"""Malaysia: Into the Jungle""","Aunty Aini's Garden Cafe, Batu 16 Jalan Sepang Kampung Chelet, 71800 Kampung Baharu Nilai, Negeri Sembilan, Malaysia"
Malaysia,Kuala Lumpur,,No Reservations,1,5,"""Malaysia: Into the Jungle""","Kuching, Sarawak, Malaysia"
Malaysia,Kuala Lumpur,,No Reservations,1,5,"""Malaysia: Into the Jungle""","Rumah Entalau, Sarawak, Malaysia"
Malaysia,Penang,,No Reservations,8,8,"""Penang""",
Mexico,Oaxaca,,A Cooks Tour,1,15,"Tamales and Iguana, Oaxacan Style",
Mexico,Puebla,,A Cooks Tour,1,16,"Puebla, Where the Good Cooks Are From",
Mexico,,Coahuila,No Reservations,2,8,"""US/Mexico Border""","Piedras Negras, Coahuíla, Mexico"
Mexico,,,No Reservations,2,8,"""US/Mexico Border""","Monterrey, Nuevo León, Mexico"
Mexico,,,No Reservations,2,8,"""US/Mexico Border""","Nuevo Laredo, Tamaulipas, Mexico"
Mexico,,,No Reservations,2,8,"""US/Mexico Border""","Ciudad Acuña, Coahuíla, Mexico"
Mexico,,,No Reservations,2,8,"""US/Mexico Border""","Corona Club, Ciudad Acuña, Coahuíla, Mexico"
Mexico,Puebla,,No Reservations,5,1,"""Mexico""",
Mexico,Mexico City,,No Reservations,5,1,"""Mexico""",
Mexico,Tijuana,,No Reservations,8,7,"""Baja""",
Mexico,Mexico City,,Parts Unknown,3,5,"""Mexico City""",
Mexico,Oaxaca,,Parts Unknown,3,5,"""Mexico City""",
Mexico,Cuernavaca,,Parts Unknown,3,5,"""Mexico City""",
Morocco,Fez,,A Cooks Tour,1,11,A Desert Feast,
Morocco,,Atlas Mountains,A Cooks Tour,1,11,A Desert Feast,
Morocco,Risani,,A Cooks Tour,1,11,A Desert Feast,
Morocco,Casablanca,,A Cooks Tour,1,12,Traditional Tastes,
Morocco,Fez,,A Cooks Tour,1,12,Traditional Tastes,
Morocco,Moulay,,A Cooks Tour,1,12,Traditional Tastes,
Morocco,Tangier,,Parts Unknown,1,5,"""Morocco (Tangier)""","The Raleigh Hotel, 1775 Collins Ave, Miami Beach, Florida, USA"
Mozambique,,,No Reservations,8,1,"""Mozambique""",
Namibia,,,No Reservations,3,4,"""Namibia""","Walvis Bay, Erongo, Namibia"
Namibia,,,No Reservations,3,4,"""Namibia""","Kuiseb River Delta, Erongo, Namibia"
Namibia,,,No Reservations,3,4,"""Namibia""","Windhoek, Khomas, Namibia"
Namibia,,,No Reservations,3,4,"""Namibia""","Katutura, Namibia"
Namibia,,,No Reservations,3,4,"""Namibia""","Oshetu Community Market, Katutura, Khomas, Namibia"
Namibia,,,No Reservations,3,4,"""Namibia""","Kiripotib Guest Farm, Namibia"
Namibia,,,No Reservations,3,4,"""Namibia""","Kalahari Desert, Namibia"
Netherlands,,Sint Maarten,A Cooks Tour,2,1,Food Tastes Better with Sand Between Your Toes,
Netherlands,Amsterdam,,The Layover,1,7,"""Amsterdam""","Upstairs Pancake House, Grimburgwal 2, 1012 GA Amsterdam, Noord-Holland, Netherlands"
Netherlands,Amsterdam,,The Layover,1,7,"""Amsterdam""","Tempo Doeloe in Centrum, Utrechtsestraat 75, 1017 VJ Amsterdam, Noord-Holland, Netherlands"
Netherlands,Amsterdam,,The Layover,1,7,"""Amsterdam""","De Drie Fleschjes, Gravenstraat 18, 1012 NM Amsterdam, Noord-Holland, Netherlands"
Netherlands,Amsterdam,,The Layover,1,7,"""Amsterdam""","Wildeman Café, Kolksteeg 3, 1012 PT Amsterdam, Noord-Holland, Netherlands"
Netherlands,Amsterdam,,The Layover,1,7,"""Amsterdam""","Two Swans, Prinsengracht 114, 1015 EA Amsterdam, Noord-Holland, Netherlands"
Netherlands,Amsterdam,,The Layover,1,7,"""Amsterdam""","Central Train Station, Amsterdam, Noord-Holland, Netherlands"
Netherlands,Amsterdam,,The Layover,1,7,"""Amsterdam""","Dam Square, Amsterdam, Noord-Holland, Netherlands"
Netherlands,Amsterdam,,The Layover,1,7,"""Amsterdam""","Red Light District, Amsterdam, Noord-Holland, Netherlands"
Netherlands,Amsterdam,,The Layover,1,7,"""Amsterdam""","Rembrandt Square, Amsterdam, Noord-Holland, Netherlands"
Netherlands,Amsterdam,,The Layover,1,7,"""Amsterdam""","Albert Cuyp Market, Albert Cuypstraat, Oud-Zuid, 010 201 8800, Amsterdam, Noord-Holland, Netherlands"
Netherlands,Amsterdam,,The Layover,1,7,"""Amsterdam""","Café Noorderlicht, TT Neveritaweg 33, 1033 WB, Amsterdam, Noord-Holland, Netherlands"
Netherlands,Amsterdam,,The Layover,1,7,"""Amsterdam""","Blauw aan de wal, Oudezijds Achterburgwal 99, 1012 DD, Amsterdam, Noord-Holland, Netherlands"
Netherlands,Amsterdam,,The Layover,1,7,"""Amsterdam""","Café Sound Garden, Marnixstraat 164 - 166, 1016 TG, Amsterdam, Noord-Holland, Netherlands"
Netherlands,Amsterdam,,The Layover,1,7,"""Amsterdam""","Dampkring Coffee Shop, Handboogstraat 29, 1012 XM, Amsterdam, Noord-Holland, Netherlands"
Netherlands,Amsterdam,,The Layover,1,7,"""Amsterdam""","Café De Prins, Prinsengracht 124, Amsterdam, Noord-Holland, Netherlands"
Netherlands,Amsterdam,,The Layover,1,7,"""Amsterdam""","Café Int Aepjen, Zeedijk 1, 1012 AN, Amsterdam, Noord-Holland, Netherlands"
Netherlands,Amsterdam,,The Layover,1,7,"""Amsterdam""","Amsterdam, Noord-Holland, Netherlands"
Netherlands,Amsterdam,,The Layover,1,7,"""Amsterdam""","Febo, Leidsestraat 94 WKL, 1017 PE, Amsterdam, Noord-Holland, Netherlands"
Netherlands,Amsterdam,,The Layover,1,7,"""Amsterdam""","Vondelpark, Amsterdam, Noord-Holland, Netherlands"
Netherlands,Amsterdam,,The Layover,1,7,"""Amsterdam""","Café de twee Zwaantjes, Amsterdam, Noord-Holland, Netherlands"
Netherlands,Amsterdam,,The Layover,1,7,"""Amsterdam""","Maloe Melo, Lijnbaansgracht 163, 1016 VX Amsterdam, Noord-Holland, Netherlands"
Netherlands,Amsterdam,,The Layover,1,7,"""Amsterdam""","Paradox Café, 1e Bloemdwarsstraat 2, 1016 KS Amsterdam, Noord-Holland, Netherlands"
Netherlands,Amsterdam,,The Layover,1,7,"""Amsterdam""","Frederic Rentabike, Brouwersgracht 78, 1013 GZ Amsterdam, Noord-Holland, Netherlands"
Netherlands,Amsterdam,,The Layover,1,7,"""Amsterdam""","Frens Haringhandel, Singel hoek Koningsplein 0t/o 468, 1017 AW, Amsterdam, Noord-Holland, Netherlands"
Netherlands,Amsterdam,,The Layover,1,7,"""Amsterdam""","The Pilsener Club, Begijnensteeg 4, 1012 PN Amsterdam, Noord-Holland, Netherlands"
Netherlands,Amsterdam,,The Layover,1,7,"""Amsterdam""","Restaurant Gebr. Hartering, Peperstraat 10hs, 1011 NX Amsterdam, Noord-Holland, Netherlands"
Netherlands,Amsterdam,,The Layover,1,7,"""Amsterdam""","Koan Float, Herengracht 321, 1016 AW Amsterdam, Noord-Holland, Netherlands"
Netherlands,Amsterdam,,The Layover,1,7,"""Amsterdam""","Spang Makandra in De Pijp, Gerard Doustraat 39, 1072 VK Amsterdam, Noord-Holland, Netherlands"
New Zealand,Christchurch,,No Reservations,1,9,"""New Zealand: Down Under the Down Under""",No Filming Locations
Nicaragua,,,No Reservations,7,3,"""Nicaragua""",
Nigeria,Lagos,,Parts Unknown,10,3,"""Lagos, Nigeria""",
Oman,,,Parts Unknown,9,7,"""Oman""",
Panama,,,No Reservations,6,1,"""Panama""",
Paraguay,,,Parts Unknown,4,4,"""Paraguay""",
Peru,,,No Reservations,2,3,"""Peru""","Machu Picchu Sanctuary Lodge, Machu Picchu, Peru"
Peru,,,No Reservations,2,3,"""Peru""","Sonia, Lozano la Rosa 173, Chorrillos, Lima, Peru"
Peru,,,No Reservations,2,3,"""Peru""","Lima, Peru"
Peru,,,No Reservations,2,3,"""Peru""","Amazonia, Peru"
Peru,,,No Reservations,2,3,"""Peru""","Machu Picchu, Peru"
Peru,,,No Reservations,2,3,"""Peru""","Tambopata River, Peru"
Peru,,,No Reservations,2,3,"""Peru""","Peña Don Porfirio, Calle Manuel Segura, 115, Barranco, Lima, Peru"
Peru,,,No Reservations,2,3,"""Peru""","Infierno, Peru"
Peru,,,No Reservations,2,3,"""Peru""","El Monasterio, Cuzco, Peru"
Peru,,,Parts Unknown,1,7,"""Peru""","Stiltsville Boat Tour, 5th Street Marina, 341 NW South River Dr, Miami, Florida, USA"
Philippines,Manilla,,Parts Unknown,7,2,"""Manila, Philippines""",
Phillippines,Manilla,,No Reservations,5,7,"""Philippines""",
Phillippines,Pampanga,,No Reservations,5,7,"""Philippines""",
Phillippines,Cebu,,No Reservations,5,7,"""Philippines""",
Portugal,Amarante,,A Cooks Tour,1,10,Stuffed Like a Pig,
Portugal,,Douro Valley,A Cooks Tour,1,7,Cod Crazy,
Portugal,Oporto,,A Cooks Tour,1,7,Cod Crazy,
Portugal,Oporto,,A Cooks Tour,1,10,Stuffed Like a Pig,
Portugal,Azores,,No Reservations,5,4,"""Azores""",
Portugal,Lisbon,,No Reservations,8,4,"""Lisbon""",
Portugal,Porto,,Parts Unknown,9,9,"""Porto, Portugal""",
Puerto Rico,,,No Reservations,2,6,"""Puerto Rico""","Ponce, Puerto Rico"
Puerto Rico,,,No Reservations,2,6,"""Puerto Rico""","Cayey, Puerto Rico"
Puerto Rico,,,No Reservations,2,6,"""Puerto Rico""","El Pueblo del Chicharron, Cll 21, Bayamón, Bayamon, Bayam, Puerto Rico"
Puerto Rico,,,No Reservations,2,6,"""Puerto Rico""","Barrachina Cafe, 104 Calle Fortaleza, San Juan, San Juan, Puerto Rico"
Puerto Rico,,,No Reservations,2,6,"""Puerto Rico""","Lechonera Los Pino, Barrio Guavate, Carr. 184, Km. 27.7, Cayey, Puerto Rico"
Puerto Rico,,,No Reservations,2,6,"""Puerto Rico""","San Juan, Puerto Rico"
Puerto Rico,,,No Reservations,2,6,"""Puerto Rico""","Bayamón, Puerto Rico"
Puerto Rico,,,No Reservations,2,6,"""Puerto Rico""","Isabela, Puerto Rico"
Puerto Rico,,,No Reservations,2,6,"""Puerto Rico""","Sonia Rican, Isabela, Puerto Rico"
Puerto Rico,,,No Reservations,2,6,"""Puerto Rico""","Pozo de Jacinto, Isabela 00662, Puerto Rico"
Puerto Rico,,,No Reservations,2,6,"""Puerto Rico""","Hacienda Don Carmelo, Vega Baja, Puerto Rico"
Puerto Rico,,,No Reservations,2,6,"""Puerto Rico""","Gimnasio Bairoa, Caguas, Puerto Rico"
Puerto Rico,,,No Reservations,2,6,"""Puerto Rico""","Raíces Restaurant, Recinto Sur Street #315, Viejo San Juan, Puerto Rico"
Romania,,,No Reservations,4,8,"""Romania""","Bran Castle, Bran, Brasov County, Romania"
Romania,,,No Reservations,4,8,"""Romania""","Transylvania, Romania"
Romania,,,No Reservations,4,8,"""Romania""","Jaristea Restaurant, 50-52 George Georgescu Strada, Bucharest, Romania"
Romania,,,No Reservations,4,8,"""Romania""","Revolution Square, Bucharest, Romania"
Romania,,,No Reservations,4,8,"""Romania""","Gara de Nord Bucuresti, Gara de Nord, Sector 1, Bucharest, Romania"
Romania,,,No Reservations,4,8,"""Romania""","Carpathian Mountains, Romania"
Romania,,,No Reservations,4,8,"""Romania""","House of Dracula, Poiana lui Stechil no 22, Strada Poiana lui Stechil 22, Brasov County, Romania"
Romania,,,No Reservations,4,8,"""Romania""","Maramures, Romania"
Romania,,,No Reservations,4,8,"""Romania""","Sighetu Marmatiei, Maramures, Romania"
Romania,,,No Reservations,4,8,"""Romania""","Piata Agroalimentara, Sighetu Marmatiei, Maramures, Romania"
Romania,,,No Reservations,4,8,"""Romania""","Cafe Astoria, Sighetu Marmatiei, Maramures, Romania"
Romania,,,No Reservations,4,8,"""Romania""","Merry Cemetery, Sapanta, Maramures, Romania"
Russia,St Petersburg,,A Cooks Tour,1,13,The Cook Who Came In From the Cold,
Russia,St Petersburg,,A Cooks Tour,1,14,"So Much Vodka, So Little Time",
Russia,Moscow,,No Reservations,3,5,"""Russia""",No Filming Locations
Russia,Sochi,,Parts Unknown,3,6,"""Russia""",
Russia,St. Petersburg,,Parts Unknown,3,6,"""Russia""",
Saudi Arabia,,,No Reservations,4,13,"""Saudi Arabia""","Al Baik, Jeddah, Makkah Province, Saudi Arabia"
Saudi Arabia,,,No Reservations,4,13,"""Saudi Arabia""","Abu Abdullah's, Souk Market, Old Town, Jeddah, Makkah Province, Saudi Arabia"
Saudi Arabia,,,No Reservations,4,13,"""Saudi Arabia""","Naseef House, Al-Balad, Jeddah, Saudi Arabia"
Saudi Arabia,,,No Reservations,4,13,"""Saudi Arabia""","Red Sea Mall, King Abdulaziz Branch Rd, Ash Shati, Jeddah, Saudi Arabia"
Senegal,,,Parts Unknown,7,7,"""Senegal""",
Singapore,,,A Cooks Tour,2,8,Singapore: New York in Twenty Years,
Singapore,,,No Reservations,4,1,"""Singapore""",No Filming Locations
Singapore,,,Parts Unknown,10,1,"""Singapore""",
Singapore,,,The Layover,1,1,"""Singapore""","Geylang Claypot Rice, 639, Geylang Rd., Lorong 33, Singapore"
Singapore,,,The Layover,1,1,"""Singapore""","Ku De Ta at the Marina Bay Sands Hotel, 10 Bayfront Ave., Singapore"
Singapore,,,The Layover,1,1,"""Singapore""","Grand Hyatt, Orchard Road, Singapore"
Singapore,,,The Layover,1,1,"""Singapore""","Mustafa Centre, 145 Syed Alwi Rd., Singapore"
Singapore,,,The Layover,1,1,"""Singapore""","International Nasi Lemak, 2 Changi Village Rd., Singapore"
Singapore,,,The Layover,1,1,"""Singapore""","Samy's Curry, 25A Dempsey Rd, Singapore"
Singapore,,,The Layover,1,1,"""Singapore""","Kilo in Kallang, 66 Kampong Bugis, Singapore"
Singapore,,,The Layover,1,1,"""Singapore""","Singapore Botanic Garden, 1 Cluny Rd., Singapore"
Singapore,,,The Layover,1,1,"""Singapore""","Thieves Market, Sungei Road, Singapore"
Singapore,,,The Layover,1,1,"""Singapore""","Wanderlust Hotel, 2 Dickson Rd., Singapore"
Singapore,,,The Layover,1,1,"""Singapore""","Kampong Glam, Singapore"
Singapore,,,The Layover,1,1,"""Singapore""","Candlenut Kitchen, 25 Neil Rd., Singapore"
Singapore,,,The Layover,1,1,"""Singapore""","Bar Stories, 57A Haji Lane, Singapore"
Singapore,,,The Layover,1,1,"""Singapore""","Changi Airport, 75 Airport Blvd., Singapore"
Singapore,,,The Layover,1,1,"""Singapore""","Fish Spa & Reflexology, Changi Airport, 75 Airport Blvd., Singapore"
Singapore,,,The Layover,1,1,"""Singapore""","Bismillah Biryani, 50 Dunlop St., Little India, Singapore"
Singapore,,,The Layover,1,1,"""Singapore""","Chin Chin Eating House, Colonial District, 19 Purvis St., Singapore"
Singapore,,,The Layover,1,1,"""Singapore""","Bumboat Tour, Raffles' Landing Site, Singapore"
Singapore,,,The Layover,1,1,"""Singapore""","The Fullerton Hotel, 1 Fullerton Square, Singapore"
Singapore,,,The Layover,1,1,"""Singapore""","Tanglin Halt Hawker Center, 1 Commonwealth Drive, Singapore"
Singapore,,,The Layover,1,1,"""Singapore""","Tiong Bahru Market, Tiong Bahru District, 83 Seng Poh Rd., Singapore"
Singapore,,,The Layover,1,1,"""Singapore""","Raffles Hotel, 1 Beach Rd, Singapore"
Singapore,,,The Layover,1,1,"""Singapore""","Sistem Pengangkutan Gerak Cepat, Singapore"
Singapore,,,The Layover,1,1,"""Singapore""","Singapore Flyer - 30 Raffles Avenue, Singapore"
Singapore,,,The Layover,1,1,"""Singapore""","Night Safari, Northern Singapore, Singapore"
Singapore,,,The Layover,1,1,"""Singapore""","Momo & Moomoo, Colonial District, Singapore"
South Africa,Johannesburg,,Parts Unknown,2,7,"""South Africa""",
South Korea,Seoul,,Parts Unknown,5,2,"""Korea""",
Spain,San Sebatian,,A Cooks Tour,1,8,San Sebastian: A Food Lover's Town,
Spain,,Catalonia,No Reservations,2,special,"""Decoding Ferran Adria""",No Filming Locations
Spain,Barcelona,,No Reservations,4,17,"""Spain""",
Spain,Madrid,,No Reservations,6,25,"""Madrid""",
Spain,,Catalonia,No Reservations,7,12,"""El Bulli""",
Spain,,Andalucia,Parts Unknown,2,3,"""Spain""",
Spain,,San Sabatian,Parts Unknown,9,3,"""San Sebastian""",
Spain,,Asturias,Parts Unknown,12,2,"""Asturias, Spain""",
Special,Special,,A Cooks Tour,2,5,Elements of a Great Bar,
Sri Lanka,Colombo,,No Reservations,5,9,"""Sri Lanka""",
Sri Lanka,,,Parts Unknown,10,5,"""Sri Lanka""",
Sweden,,,No Reservations,2,5,"""Sweden""","Stubborn MC Clubhouse, Sweden"
Sweden,,,No Reservations,2,5,"""Sweden""","Saluhall, Östermalmstorg, Stockholm, Sweden"
Sweden,,,No Reservations,2,5,"""Sweden""","Skansen Glassworks Factory, Djurgårdsslätten 49-51, Stockholm, 115 93 Stockholm, Stockholm County, Sweden"
Sweden,,,No Reservations,2,5,"""Sweden""","Mondo, Medborgarplatsen 8, Stockholm, Sweden"
Sweden,,,No Reservations,2,5,"""Sweden""","Pelikan, Blekingegatan 40, Stockholm, Sweden"
Sweden,,,No Reservations,2,5,"""Sweden""","Lux, Primusgatan 116, Stockholm, Sweden"
Sweden,,,No Reservations,2,5,"""Sweden""","Maxi Grillen, Götgatan 49, Stockholm, Sweden"
Sweden,,,No Reservations,2,5,"""Sweden""","Lapland, Sweden"
Sweden,,,No Reservations,2,5,"""Sweden""","DesignTorget, Stockholm, Sweden"
t Vincent and the Grenadines,Kingstown,,No Reservations,6,14,"""Caribbean Island Hopping""",
Taiwan,Taipei,,The Layover,2,8,"""Taipei""",No Filming Locations
Tanzania,,,Parts Unknown,4,6,"""Tanzania""",
Thailand,Chiang Mai,,A Cooks Tour,2,10,Let's Get Lost,
Thailand,Bangkok,,A Cooks Tour,2,13,Thailand: One Night in Bangkok,
Thailand,Bangkok,,No Reservations,5,16,"""Thailand""",
Thailand,Phuket,,No Reservations,5,16,"""Thailand""",
Thailand,,Chang Mai,Parts Unknown,3,8,"""Thailand""",
Trinidad and Tobago,,Tobago,No Reservations,6,14,"""Caribbean Island Hopping""",
Trinidad and Tobago,,Trinidad,Parts Unknown,9,8,"""Trinidad""",
Turkey,Istanbul,,No Reservations,6,2,"""Istanbul""",
Turkey,,Kurdistan,No Reservations,7,15,"""Kurdistan""",
Turkey,Istanbul,,Parts Unknown,6,8,"""Istanbul""",
Ukraine,Chernobyl,,No Reservations,7,14,"""Ukraine""",
Ukraine,Crimea,,No Reservations,7,14,"""Ukraine""",
United Arab Emirates,Dubai,,No Reservations,6,19,"""Dubai""",
United Kingdom,London,England,A Cooks Tour,1,22,A Pleasing Palate,
United Kingdom,Glasgow,Scotland,A Cooks Tour,1,21,Highland Grub,
United Kingdom,Edinburgh,Scotland,A Cooks Tour,1,21,Highland Grub,
United Kingdom,Nairn,Scotland,A Cooks Tour,1,21,Highland Grub,
United Kingdom,,,No Reservations,4,6,"""London/Edinburgh""","The Cock Tavern - 67 High Street, Walthamstow, London, England, UK"
United Kingdom,,,No Reservations,4,6,"""London/Edinburgh""","St. John Bread and Wine, 94-96 Commercial Street, London, England, UK"
United Kingdom,,,No Reservations,4,6,"""London/Edinburgh""","The Yew Tree, Highclere Newbury, Berkshire, England, UK"
United Kingdom,,,No Reservations,4,6,"""London/Edinburgh""","The Mermaid Chip Shop, 43-45 Leith Walk, Edinburgh, Scotland, UK"
United Kingdom,,,No Reservations,4,6,"""London/Edinburgh""","The Kitchin, 78 Commercial Street, Edinburgh, Scotland, UK"
United Kingdom,,,No Reservations,4,6,"""London/Edinburgh""","Hazlitt's Hotel, 6 Frith Street, London, England, UK"
United Kingdom,,,No Reservations,4,6,"""London/Edinburgh""","Gerry's Club, 52 Dean Street, London, England, UK"
United Kingdom,,,No Reservations,4,6,"""London/Edinburgh""","Soho, London, England, UK"
United Kingdom,,,No Reservations,4,6,"""London/Edinburgh""","Smithfield Market, Holborn, London, England, UK"
United Kingdom,,,No Reservations,4,6,"""London/Edinburgh""","The Oxford Bar, 8 Young Street, Edinburgh, Midlothian, Scotland, UK"
United Kingdom,,,No Reservations,4,6,"""London/Edinburgh""","Leith, Edinburgh, Scotland, UK"
United Kingdom,,Scotland,Parts Unknown,5,4,"""Scotland""",
United Kingdom,London,England,Parts Unknown,8,5,"""London""",
United Kingdom,London,England,The Layover,1,9,"""London""","Spitalfields, London, England, UK"
United Kingdom,London,England,The Layover,1,9,"""London""","Newman Arms, 23 Rathbone St, Marylebone, London, England, UK"
United Kingdom,London,England,The Layover,1,9,"""London""","Square Pie Company, Spitalfields, London, England, UK"
United Kingdom,London,England,The Layover,1,9,"""London""","Viktor Wynd's Little Shop of Horrors, 11 Mare St, London, England, UK"
United Kingdom,London,England,The Layover,1,9,"""London""","Sweeting's, 39 Queen Victoria St, City of London, England, UK"
United Kingdom,London,England,The Layover,1,9,"""London""","Thames Clippers, 64 Orchard Pl, London, England, UK"
United Kingdom,London,England,The Layover,1,9,"""London""","Wright Brothers, 11 Stoney St, City of London, England, UK"
United Kingdom,London,England,The Layover,1,9,"""London""","London Heathrow Airport, London Borough of Hillingdon, London, England, UK"
United Kingdom,London,England,The Layover,1,9,"""London""","London, England, UK"
United Kingdom,London,England,The Layover,1,9,"""London""","Bethnel Green, London, England, UK"
United Kingdom,London,England,The Layover,1,9,"""London""","London Underground, London, England, UK"
United Kingdom,London,England,The Layover,1,9,"""London""","St. James's Park, St. James's, London, England, UK"
United Kingdom,London,England,The Layover,1,9,"""London""","Wheeler's of St. James's, 72-73 St James's St, London, England, UK"
United Kingdom,London,England,The Layover,1,9,"""London""","Bar Italia - 22 Frith Street, Soho, London, England, UK"
United Kingdom,London,England,The Layover,1,9,"""London""","Trish's, 57 Greek St, Soho, London, England, UK"
United Kingdom,London,England,The Layover,1,9,"""London""","St. John Hotel, 1-2 Leicester St, London, England, UK"
United Kingdom,London,England,The Layover,1,9,"""London""","London Eye, London, England, UK"
United Kingdom,London,England,The Layover,1,9,"""London""","Two Chairmen in St. James, 39 Dartmouth St, London, England, UK"
United Kingdom,London,England,The Layover,1,9,"""London""","Camden Market, Camden, London, England, UK"
United Kingdom,London,England,The Layover,1,9,"""London""","Borough Market, 8 Southwark St, London, England, UK"
United Kingdom,London,England,The Layover,1,9,"""London""","E Pellicci Café, 332 Bethnal Green Rd, City of London, England, UK"
United Kingdom,London,England,The Layover,1,9,"""London""","Bradley's Spanish Bar, 42-44 Hanway St, London, England, UK"
United Kingdom,London,England,The Layover,1,9,"""London""","G. Kelly, 414 Bethnal Green Rd, City of London, England, UK"
United Kingdom,London,England,The Layover,1,9,"""London""","Cabman's Shelter, Pont Street, Belgravia, London, England, UK"
United Kingdom,London,England,The Layover,1,9,"""London""","GJ Cleverley's, 13 Royal Arcade, London, England, UK"
United Kingdom,London,England,The Layover,1,9,"""London""","Hazlitt's, 6 Frith St, London, England, UK"
United Kingdom,London,England,The Layover,1,9,"""London""","The Phoenix Artist Club, 104-110 Charing Cross Rd, Leicester Square, City of London, England, UK"
United Kingdom,London,England,The Layover,1,9,"""London""","Hot Stuff, 19 Wilcox Rd, London, England, UK"
United Kingdom,London,England,The Layover,1,9,"""London""","Portobello, London, England, UK"
United Kingdom,London,England,The Layover,1,9,"""London""","Neal's Yard Dairy, 6 Park St, City of London, England, UK"
United Kingdom,London,England,The Layover,1,9,"""London""","River Thames, London, England, UK"
United Kingdom,London,England,The Layover,1,9,"""London""","Soho, London, England, UK"
Uruguay,,,No Reservations,4,14,"""Uruguay""","Estancia del Puerto, Montevideo, Uruguay"
Uruguay,,,No Reservations,4,14,"""Uruguay""","Mercado del Puerto, Montevideo, Uruguay"
Uruguay,,,No Reservations,4,14,"""Uruguay""","La Huella, Jose Ignacio, Uruguay"
Uruguay,,,No Reservations,4,14,"""Uruguay""","Estancia Los Morteros, Lavalleja, Uruguay"
Uruguay,,,No Reservations,4,14,"""Uruguay""","Garzon Hotel and Restaurante, Garzon, Uruguay"
Uruguay,,,No Reservations,4,14,"""Uruguay""","La Barra, Maldonado, Uruguay"
Uruguay,,,No Reservations,4,14,"""Uruguay""","Joselo's House, Cabo Polonio, Uruguay"
Uruguay,,,No Reservations,4,14,"""Uruguay""","Estación Central General Artigas, Aguada, Montevideo, Uruguay"
Uruguay,,,No Reservations,4,14,"""Uruguay""","Barrio Sur, Montevideo, Uruguay"
Uruguay,,,No Reservations,4,14,"""Uruguay""","Cabo Polonio, Uruguay"
Uruguay,,,No Reservations,4,14,"""Uruguay""","Garzón, Uruguay"
Uruguay,,,No Reservations,4,14,"""Uruguay""","Lavalleja, Uruguay"
Uruguay,,,No Reservations,4,14,"""Uruguay""","Montevideo, Uruguay"
Uruguay,,,No Reservations,4,14,"""Uruguay""","Punta del Este, Maldonado, Uruguay"
Uruguay,,,Parts Unknown,11,2,"""Uruguay""",
USA,Los Angeles,California,A Cooks Tour,1,17,"Los Angeles, My Own Heart of Darkness",
USA,San Francisco,California,A Cooks Tour,1,18,The French Laundry Experience[7],
USA,Yountville,California,A Cooks Tour,1,18,The French Laundry Experience[7],
USA,New York City,New York,A Cooks Tour,1,19,My Hometown Favorites,
USA,New York City,New York,A Cooks Tour,1,20,My Life as a Cook - NYC,
USA,New Orleans,Louisiana,A Cooks Tour,2,2,"No Beads, No Babes, No Bourbon Street",
USA,Thibodaux,Louisiana,A Cooks Tour,2,2,"No Beads, No Babes, No Bourbon Street",
USA,Minneapolis,Minnesota,A Cooks Tour,2,6,The Struggle for the Soul of America,
USA,Kansas City,Missouri,A Cooks Tour,2,11,The BBQ Triangle,
USA,Houston,Texas,A Cooks Tour,2,11,The BBQ Triangle,
USA,Wilson,North Carolina,A Cooks Tour,2,11,The BBQ Triangle,
USA,,New Jersey,No Reservations,1,3,"""New Jersey""",No Filming Locations
USA,Las Vegas,Nevada,No Reservations,1,7,"""Las Vegas""","The Double Down, 4640 Paradise Road, Las Vegas, Nevada, USA"
USA,Las Vegas,Nevada,No Reservations,1,7,"""Las Vegas""","Bouchon, Venetian Hotel - 3355 Las Vegas Blvd South, Las Vegas, Nevada, USA"
USA,Las Vegas,Nevada,No Reservations,1,7,"""Las Vegas""","Gold Coast Hotel and Casino, 4000 W Flamingo Rd, Las Vegas, Nevada, USA"
USA,Las Vegas,Nevada,No Reservations,1,7,"""Las Vegas""","Beauty Bar, 517 Fremont St # A, Las Vegas, Nevada, USA"
USA,Las Vegas,Nevada,No Reservations,1,7,"""Las Vegas""","Fremont Street, Las Vegas, Nevada, USA"
USA,Las Vegas,Nevada,No Reservations,1,7,"""Las Vegas""","New York New York Hotel and Casino, 3790 S Las Vegas Blvd., Las Vegas, Nevada, USA"
USA,Las Vegas,Nevada,No Reservations,1,7,"""Las Vegas""","Wynn Las Vegas - 3131 Las Vegas Blvd South, Las Vegas, Nevada, USA"
USA,Las Vegas,Nevada,No Reservations,1,7,"""Las Vegas""","The Strip, Las Vegas, Nevada, USA"
USA,Las Vegas,Nevada,No Reservations,1,7,"""Las Vegas""","Peppermill Restaurant and Fireside Lounge - 2985 S Las Vegas Blvd, Las Vegas, Nevada, USA"
USA,Las Vegas,Nevada,No Reservations,1,7,"""Las Vegas""","Tektonx Paintball, 149 N Gibson Road, Henderson, Nevada, USA"
USA,Las Vegas,Nevada,No Reservations,1,7,"""Las Vegas""","Mesa Grill, Caesars Palace - 3570 Las Vegas Boulevard South, Las Vegas, Nevada, USA"
USA,Las Vegas,Nevada,No Reservations,1,7,"""Las Vegas""","Neon Museum - 770 Las Vegas Boulevard North, Las Vegas, Nevada, USA"
USA,Las Vegas,Nevada,No Reservations,1,7,"""Las Vegas""","Mermaid Lounge, Silverton Casino, 3333 Blue Diamond Rd, Las Vegas, Nevada, USA"
USA,,Florida,No Reservations,2,2,"""South Florida""","Club Deuce, 222 14th Street, South Beach, Miami, Florida, USA"
USA,,Florida,No Reservations,2,2,"""South Florida""","Loco Taqueria, South Beach, Miami, Florida, USA"
USA,,Florida,No Reservations,2,2,"""South Florida""","Little Haiti, Miami, Florida, USA"
USA,,Florida,No Reservations,2,2,"""South Florida""","Everglades, Florida, USA"
USA,,Florida,No Reservations,2,2,"""South Florida""","Raleigh Hotel, 1775 Collins Ave, Miami, Florida, USA"
USA,,Florida,No Reservations,2,2,"""South Florida""","Conchtown Café, Bahama Village, Key West, Florida, USA"
USA,,Florida,No Reservations,2,2,"""South Florida""","Chef Creole, 200 NW 54th St, Little Haiti, Miami, Florida, USA"
USA,,Florida,No Reservations,2,2,"""South Florida""","Tamiami Trail, Florida, USA"
USA,,Florida,No Reservations,2,2,"""South Florida""","Botanica Nena, 902 NW 27th Ave, Miami, Florida, USA"
USA,,Florida,No Reservations,2,2,"""South Florida""","Sam Jack's International, 2063 Opa Locka Blvd, Opa-Locka, Florida, USA"
USA,,Florida,No Reservations,2,2,"""South Florida""","Calle Ocho, Miami, Florida, USA"
USA,,Florida,No Reservations,2,2,"""South Florida""","El Rey de las Fritas, Miami, Florida, USA"
USA,,Florida,No Reservations,2,2,"""South Florida""","La Esquina Tropical, 1060 SW 8th Street, Miami, Florida, USA"
USA,,Florida,No Reservations,2,2,"""South Florida""","Little Havana, Miami, Florida, USA"
USA,,Texas,No Reservations,2,8,"""US/Mexico Border""","TB's Bar and Grill, 3806 Veterans Boulevard, Del Rio, Texas, USA"
USA,,Texas,No Reservations,2,8,"""US/Mexico Border""","Rio Grande, Texas, USA"
USA,,Texas,No Reservations,2,8,"""US/Mexico Border""","Juárez-Lincoln Bridge, Laredo, Texas, USA"
USA,,Texas,No Reservations,2,8,"""US/Mexico Border""","Eagle Pass, Texas, USA"
USA,,,No Reservations,3,3,"""Pacific Northwest""","Pike Place Market, Seattle, Washington, USA"
USA,,,No Reservations,3,3,"""Pacific Northwest""","Shelton, Washington, USA"
USA,,,No Reservations,3,3,"""Pacific Northwest""","Salumi, 309 3rd Avenue South, Seattle, Washington, USA"
USA,,,No Reservations,3,3,"""Pacific Northwest""","Piroshky Piroshky, 1908 Pike Place, Seattle, Washington, USA"
USA,,,No Reservations,3,3,"""Pacific Northwest""","Apizza Scholls, 4741 Southeast Hawthorne Boulevard, Portland, Oregon, USA"
USA,,,No Reservations,3,3,"""Pacific Northwest""","Voodoo Doughnut - 22 SW 3rd Avenue, Portland, Oregon, USA"
USA,,,No Reservations,3,3,"""Pacific Northwest""","Velveteria, 2448 E Burnside St, Portland, Oregon, USA"
USA,,,No Reservations,3,3,"""Pacific Northwest""","The Heathman Hotel, 1001 SW Broadway, Portland, Oregon, USA"
USA,,,No Reservations,3,3,"""Pacific Northwest""","Shanghai Tunnels, Portland, Oregon, USA"
USA,,,No Reservations,3,3,"""Pacific Northwest""","Lost Lake, Oregon, USA"
USA,,,No Reservations,3,3,"""Pacific Northwest""","Beecher's Handmade Cheese, Pike Place Market, 1600 Pike Place, Seattle, Washington, USA"
USA,Los Angeles,California,No Reservations,3,6,"""Los Angeles""",No Filming Locations
USA,New York City,New York,No Reservations,3,8,"""New York City""","New York Trapeze School, 353 West St., New York City, New York, USA"
USA,New York City,New York,No Reservations,3,8,"""New York City""","West Side Pistol & Rifle Range, 20 West 20th Street, New York City, New York, USA"
USA,New York City,New York,No Reservations,3,8,"""New York City""","National Nightclub, 273 Brighton Beach Avenue, Brooklyn, New York, USA"
USA,New York City,New York,No Reservations,3,8,"""New York City""","Prune, 54 East 1st Street, New York City, New York, USA"
USA,New York City,New York,No Reservations,3,8,"""New York City""","Spotted Pig, 314 West 11th Street, New York City, New York, USA"
USA,New York City,New York,No Reservations,3,8,"""New York City""","Gray's Papaya, 2090 Broadway Ste 1, New York City, New York, USA"
USA,New York City,New York,No Reservations,3,8,"""New York City""","Ali's Kebab Cafe, 25-12 Steinway Street, Astoria, New York, USA"
USA,New York City,New York,No Reservations,3,8,"""New York City""","Cafe Glechik, 3159 Coney Island Avenue, Brooklyn, New York, USA"
USA,New York City,New York,No Reservations,3,8,"""New York City""","Hagi, 152 West 49th Street, New York City, New York, USA"
USA,New York City,New York,No Reservations,3,8,"""New York City""","Sakegura, 211 East 43rd Street, New York City, New York, USA"
USA,New York City,New York,No Reservations,3,8,"""New York City""","Siberia Bar, 356 East 40th Street, New York City, New York, USA"
USA,New York City,New York,No Reservations,3,8,"""New York City""","Brighton Beach, Brooklyn, New York City, New York, USA"
USA,New York City,New York,No Reservations,3,8,"""New York City""","Astoria, Queens, New York, USA"
USA,New York City,New York,No Reservations,3,8,"""New York City""","Yankee Stadium - E. 161st Street & River Avenue, Bronx, New York City, New York, USA"
USA,Cleveland,Ohio,No Reservations,3,11,"""Cleveland""",No Filming Locations
USA,,South Carolina,No Reservations,3,14,"""South Carolina""",No Filming Locations
USA,,Connecticut,No Reservations,3,Special,"""Holiday Special""",No Filming Locations
USA,New Orleans,Louisana,No Reservations,4,5,"""New Orleans""","Antoine's Restaurant - 713 St. Louis Street, French Quarter, New Orleans, Louisiana, USA"
USA,New Orleans,Louisana,No Reservations,4,5,"""New Orleans""","Cafe Reconcile, 1631 Oretha Castle Haley Blvd, New Orleans, Louisiana, USA"
USA,New Orleans,Louisana,No Reservations,4,5,"""New Orleans""","Domilise's Po-Boys, 5240 Annunciation Street, New Orleans, Louisiana, USA"
USA,New Orleans,Louisana,No Reservations,4,5,"""New Orleans""","Cochon, 930 Tchoupitoulas Street, New Orleans, Louisiana, USA"
USA,New Orleans,Louisana,No Reservations,4,5,"""New Orleans""","Emeril's New Orleans, 800 Tchoupitoulas Street, New Orleans, Louisiana, USA"
USA,New Orleans,Louisana,No Reservations,4,5,"""New Orleans""","Jacques-Imo's, 8324 Oak Street, New Orleans, Louisiana, USA"
USA,New Orleans,Louisana,No Reservations,4,5,"""New Orleans""","Vic's Kangaroo Cafe, 636 Tchoupitoulas Street, New Orleans, Louisiana, USA"
USA,New Orleans,Louisana,No Reservations,4,5,"""New Orleans""","Central City, New Orleans, Louisiana, USA"
USA,New Orleans,Louisana,No Reservations,4,5,"""New Orleans""","St. Bernard Parish, Louisiana, USA"
USA,New Orleans,Louisana,No Reservations,4,5,"""New Orleans""","Ninth Ward, New Orleans, Louisiana, USA"
USA,New Orleans,Louisana,No Reservations,4,5,"""New Orleans""","French Quarter, New Orleans, Louisiana, USA"
USA,New Orleans,Louisana,No Reservations,4,5,"""New Orleans""","The Howlin' Wolf, 907 S Peters St, New Orleans, Louisiana, USA"
USA,New Orleans,Louisana,No Reservations,4,5,"""New Orleans""","Herbsaint, 701 St Charles Ave, New Orleans, Louisiana, USA"
USA,,Hawaii,No Reservations,4,9,"""Hawaii""","Bailey's Aloha Shirts, 517 Kapahulu Avenue, Honolulu, Hawaii, USA"
USA,,Hawaii,No Reservations,4,9,"""Hawaii""","Waimea Bay, North Shore, O'ahu, Hawaii, USA"
USA,,Hawaii,No Reservations,4,9,"""Hawaii""","Ko Olina Resort 92-1089, Aliinui Drive, Kapolei, Hawaii, USA"
USA,,Hawaii,No Reservations,4,9,"""Hawaii""","La Mariana Sailing Club, 50 Sand Island Access Road, Honolulu, Hawaii, USA"
USA,,Hawaii,No Reservations,4,9,"""Hawaii""","Puka Dog, 2360 Kiahuna Plantation Drive, Koloa, Hawaii, USA"
USA,,Hawaii,No Reservations,4,9,"""Hawaii""","Ono Hawaiian Foods, 726 Kapahulu Avenue, Honolulu, Hawaii, USA"
USA,,Hawaii,No Reservations,4,9,"""Hawaii""","The Street Side Inn, 1225 Hopaka Street, Honolulu, Hawaii, USA"
USA,,Hawaii,No Reservations,4,9,"""Hawaii""","Kahala Hilton - 5000 Kahala Avenue, Honolulu, O'ahu, Hawaii, USA"
USA,,Hawaii,No Reservations,4,9,"""Hawaii""","Sunset Beach, O'ahu, Hawaii, USA"
USA,,Hawaii,No Reservations,4,9,"""Hawaii""","New Uptown Fountain, 522 N School Street, Honolulu, Hawaii, USA"
USA,,Hawaii,No Reservations,4,9,"""Hawaii""","Kalihi, Honolulu, Hawaii, USA"
USA,,Hawaii,No Reservations,4,9,"""Hawaii""","Kilauea East Rift Zone, Hawaii, USA"
USA,,Hawaii,No Reservations,4,9,"""Hawaii""","Kilauea Volcano, Hawai'i Volcanoes National Park, Hawaii, USA"
USA,,Hawaii,No Reservations,4,9,"""Hawaii""","Hawai'i Volcanoes National Park, Hawaii, USA"
USA,New York City,New York,No Reservations,4,10,"""Into the Fire NY""","Les Halles Restaurant, New York City, New York, USA"
USA,New York City,New York,No Reservations,4,10,"""Into the Fire NY""","Desmond's Tavern, 433 Park Ave S, New York City, New York, USA"
USA,,,No Reservations,4,15,"""U.S. Southwest""","Shields Date Garden, 80225 California 111, Indio, California, USA"
USA,,,No Reservations,4,15,"""U.S. Southwest""","Chama River, Abiquiu, New Mexico, USA"
USA,,,No Reservations,4,15,"""U.S. Southwest""","Titan Missile Museum - 1580 W. Duval Mine Road, Green Valley, Arizona, USA"
USA,,,No Reservations,4,15,"""U.S. Southwest""","Green Valley, Arizona, USA"
USA,,,No Reservations,4,15,"""U.S. Southwest""","Cavender Boot City, 7920 W Interstate 40, Amarillo, Texas, USA"
USA,,,No Reservations,4,15,"""U.S. Southwest""","Salton Sea, California, USA"
USA,,,No Reservations,4,15,"""U.S. Southwest""","Ski Inn, 9596 Avenue A, Niland, California, USA"
USA,,,No Reservations,4,15,"""U.S. Southwest""","The Big Texan Steak Ranch, 7701 East Interstate 40, Amarillo, Texas, USA"
USA,,,No Reservations,4,15,"""U.S. Southwest""","Rusty Star BBQ, 10600 North River Crossing, Woodway, Texas, USA"
USA,,,No Reservations,4,15,"""U.S. Southwest""","The Pepper Pot Restaurant, 207 West Hall Street, Hatch, New Mexico, USA"
USA,,,No Reservations,4,15,"""U.S. Southwest""","Alice Cooperstown Restaurant, 101 East Jackson Street, Phoenix, Arizona, USA"
USA,,,No Reservations,4,15,"""U.S. Southwest""","Palm Springs, California, USA"
USA,,,No Reservations,4,15,"""U.S. Southwest""","Woodway, Texas, USA"
USA,,,No Reservations,4,15,"""U.S. Southwest""","Niland, California, USA"
USA,,,No Reservations,4,15,"""U.S. Southwest""","Bombay Beach, California, USA"
USA,,,No Reservations,4,15,"""U.S. Southwest""","Hatch, New Mexico, USA"
USA,,,No Reservations,4,15,"""U.S. Southwest""","Indio, California, USA"
USA,,,No Reservations,4,15,"""U.S. Southwest""","Phoenix, Arizona, USA"
USA,,,No Reservations,4,15,"""U.S. Southwest""","Waco, Texas, USA"
USA,New York City,New York,No Reservations,4,Special,"""At the Table with Anthony Bourdain""",
USA,Washington DC,,No Reservations,5,3,"""Washington, D.C.""",
USA,Chicago,Illinois,No Reservations,5,5,"""Chicago""",
USA,New York City,New York,No Reservations,5,8,"""Disappearing Manhattan""",
USA,Baltimore,Maryland,No Reservations,5,13,"""Australia""",
USA,Detroit,Michigan,No Reservations,5,13,"""Australia""",
USA,Buffalo,New York,No Reservations,5,13,"""Australia""",
USA,San Francisco,California,No Reservations,5,15,"""San Francisco""",
USA,,Montana,No Reservations,5,17,"""Montana""",
USA,New York City,New York,No Reservations,5,19,"""New York Outer Boroughs""",
USA,Hudson Valley,New York,No Reservations,6,5,"""Hudson Valley, NY""",
USA,,Maine,No Reservations,6,12,"""Maine""",
USA,Livonia,Michigan,No Reservations,6,15,"""US Heartland""",
USA,Columbus,Ohio,No Reservations,6,15,"""US Heartland""",
USA,Minneapolis,Minnesota,No Reservations,6,15,"""US Heartland""",
USA,Denver,Colorado,No Reservations,6,15,"""US Heartland""",
USA,Austin,Texas,No Reservations,6,15,"""US Heartland""",
USA,Milwaukee,Wisconsin,No Reservations,6,15,"""US Heartland""",
USA,West Plains,Missouri,No Reservations,7,5,"""Ozarks""",
USA,Boston,Massachusetts,No Reservations,7,7,"""Boston""",
USA,Mojave,California,No Reservations,7,13,"""US Desert""",
USA,New Olreans,Louisiana,No Reservations,7,16,"""Cajun Country""",
USA,Kansas City,Kansas,No Reservations,8,2,"""Kansas City""",
USA,Austin,Texas,No Reservations,9,1,"""Austin""",
USA,New York City,New York,No Reservations,9,10,"""Brooklyn""",
USA,Los Angeles,California,Parts Unknown,1,2,"""Koreatown, Los Angeles""","Little Haiti, Miami, Florida, USA"
USA,,New Mexico,Parts Unknown,2,4,"""New Mexico""",
USA,Detroit,Michigan,Parts Unknown,2,9,"""Detroit""",
USA,Las Vegas,Nevada,Parts Unknown,3,3,"""Las Vegas""",
USA,,Mississippi,Parts Unknown,3,7,"""Mississippi Delta""",
USA,New York City,New York,Parts Unknown,4,3,"""The Bronx""",
USA,,Massachusetts,Parts Unknown,4,8,"""Massachusetts""",
USA,Miami,Florida,Parts Unknown,5,3,"""Miami""",
USA,Ocean County,New Jersey,Parts Unknown,5,6,"New Jersey[11]""",
USA,Atlantic City,New Jersey,Parts Unknown,5,6,"New Jersey[11]""",
USA,Asbury Park,New Jersey,Parts Unknown,5,6,"New Jersey[11]""",
USA,,Hawaii,Parts Unknown,5,8,"""Hawaii""",
USA,San Francisco,California,Parts Unknown,6,5,"""Bay Area""",
USA,Charleston,South Carolina,Parts Unknown,6,9,"""Charleston, SC""",
USA,Chicago,Illinois,Parts Unknown,7,3,"""Chicago""",
USA,,Montana,Parts Unknown,7,5,"""Montana""",
USA,Nashville,Tennessee,Parts Unknown,8,3,"""Nashville""",
USA,Houston,Texas,Parts Unknown,8,6,"""Houston""",
USA,Los Angeles,California,Parts Unknown,9,2,"""Los Angeles""",
USA,New York City,New York,Parts Unknown,9,5,"""Queens""",
USA,Pittsburgh,Pennsylvania,Parts Unknown,10,4,"""Pittsburgh""",
USA,,Puerto Rico,Parts Unknown,10,6,"""Puerto Rico""",
USA,Seattle,Washington,Parts Unknown,10,7,"""Seattle""",
USA,,West Virgina,Parts Unknown,11,1,"""West Virginia""",
USA,,Louisiana,Parts Unknown,11,7,"""Cajun Mardi Gras""",
USA,,Texas,Parts Unknown,12,5,"""Far West Texas""",
USA,New York City,New York,Parts Unknown,12,7,"""Lower East Side""",
USA,New York City,New York,The Layover,1,2,"""New York""","St Regis-Sheraton Hotel - 2 East 55th Street, Fifth Avenue, Manhattan, New York City, New York, USA"
USA,New York City,New York,The Layover,1,2,"""New York""","Kitchen Arts & Letters, 1435 Lexington Ave, New York City, New York, USA"
USA,New York City,New York,The Layover,1,2,"""New York""","Great NY Noodletown, 28 Bowery, New York City, New York, USA"
USA,New York City,New York,The Layover,1,2,"""New York""","M. Wells, Queens, New York City, New York, USA"
USA,New York City,New York,The Layover,1,2,"""New York""","The High Line, Manhattan, New York City, New York, USA"
USA,New York City,New York,The Layover,1,2,"""New York""","Minetta Tavern - 113 MacDougal Street, New York City, New York, USA"
USA,New York City,New York,The Layover,1,2,"""New York""","Papaya King, Upper East Side, Manhattan, New York City, New York, USA"
USA,New York City,New York,The Layover,1,2,"""New York""","Shake Shack, Madison Square Park, New York City, New York, USA"
USA,New York City,New York,The Layover,1,2,"""New York""","The Subway Inn, 143 East 60th St, New York City, New York, USA"
USA,New York City,New York,The Layover,1,2,"""New York""","Tammany Hall, 152 Orchard St, New York City, New York, USA"
USA,New York City,New York,The Layover,1,2,"""New York""","Takashi, 456 Hudson St, New York City, New York, USA"
USA,New York City,New York,The Layover,1,2,"""New York""","Jane Hotel - 113 Jane Street, West Village, Manhattan, New York City, New York, USA"
USA,New York City,New York,The Layover,1,2,"""New York""","Strand Bookstore, Union Square, New York City, New York, USA"
USA,New York City,New York,The Layover,1,2,"""New York""","St. Mark's Bookstore, 31 3rd Ave, New York City, New York, USA"
USA,New York City,New York,The Layover,1,2,"""New York""","Upper East Side, Manhattan, New York City, New York, USA"
USA,New York City,New York,The Layover,1,2,"""New York""","New York City subway, Manhattan, New York City, New York, USA"
USA,New York City,New York,The Layover,1,2,"""New York""","PDT, East Village, New York City, New York, USA"
USA,New York City,New York,The Layover,1,2,"""New York""","New York City, New York, USA"
USA,New York City,New York,The Layover,1,2,"""New York""","The Arepa Lady, Roosevelt Avenue and 79th Street, Jackson Heights, New York, USA"
USA,New York City,New York,The Layover,1,2,"""New York""","Birreria, Madison Square Park, New York City, New York, USA"
USA,New York City,New York,The Layover,1,2,"""New York""","Baohaus, 238 East 14th Street, New York City, New York, USA"
USA,New York City,New York,The Layover,1,2,"""New York""","The Burger Joint at Le Parker Meridien, 119 West 56th St, New York City, New York, USA"
USA,New York City,New York,The Layover,1,2,"""New York""","Chef Restaurant Supply, 294 Bowery St, New York City, New York, USA"
USA,New York City,New York,The Layover,1,2,"""New York""","Bemelmans Bar at The Carlyle Hotel, 35 East 76th St, New York City, New York, USA"
USA,New York City,New York,The Layover,1,2,"""New York""","The Big Gay Ice Cream Truck, New York City, New York, USA"
USA,New York City,New York,The Layover,1,2,"""New York""","Crif Dogs, 113 Saint Marks Place #2, New York City, New York, USA"
USA,New York City,New York,The Layover,1,2,"""New York""","Ess-a-Bagel, New York City, New York, USA"
USA,Rome,,The Layover,1,3,"""Rome""","Bahamian Pot Restaurant, 1413 NW 54th St, Miami, Florida, USA"
USA,Miami,Florida,The Layover,1,4,"""Miami""","Sakaya Truck, Food Truck Circle in Tropical Park, 7900 Bird Rd, Miami, Florida, USA"
USA,Miami,Florida,The Layover,1,4,"""Miami""","Grill Master Truck, Food Truck Circle in Tropical Park, 7900 Bird Rd, Miami, Florida, USA"
USA,Miami,Florida,The Layover,1,4,"""Miami""","Biltmore Hotel - 1200 Anastasia Avenue, Coral Gables, Florida, USA"
USA,Miami,Florida,The Layover,1,4,"""Miami""","Garcia's Seafood, 398 NW North River Dr, Miami, Florida, USA"
USA,Miami,Florida,The Layover,1,4,"""Miami""","Chez Le Bebe, 114 NE 54th St, Miami, Florida, USA"
USA,Miami,Florida,The Layover,1,4,"""Miami""","La Perrada De Edgar, 6976 Collins Ave, Miami Beach, Florida, USA"
USA,Miami,Florida,The Layover,1,4,"""Miami""","El Palacio de los Jugos, 5721 W Flagler St, Miami, Florida, USA"
USA,Miami,Florida,The Layover,1,4,"""Miami""","Las Olas Cafe, 644 6th St, Miami Beach, Florida, USA"
USA,Miami,Florida,The Layover,1,4,"""Miami""","Miami Ink Tattoo Studio, 1360 Washington Ave, Miami Beach, Florida, USA"
USA,Miami,Florida,The Layover,1,4,"""Miami""","Little Havana, Miami, Florida, USA"
USA,Miami,Florida,The Layover,1,4,"""Miami""","Miami Beach, Florida, USA"
USA,Miami,Florida,The Layover,1,4,"""Miami""","The Room, 100 Collins Ave, Miami Beach, Florida, USA"
USA,Miami,Florida,The Layover,1,4,"""Miami""","S&S Diner, 1757 NE 2nd Ave, Miami, Florida, USA"
USA,Miami,Florida,The Layover,1,4,"""Miami""","South Beach, Miami Beach, Florida, USA"
USA,Miami,Florida,The Layover,1,4,"""Miami""","Crandon Park Marina, Key Biscayne, Florida, USA"
USA,Seattle,Washington,The Layover,2,10,"""Seattle""","Miami, Florida, USA"
USA,San Francisco,California,The Layover,1,8,"""San Francisco""","The Castro Theatre - 429 Castro Street, San Francisco, California, USA"
USA,San Francisco,California,The Layover,1,8,"""San Francisco""","Li Po, 916 Grant Ave, San Francisco, California, USA"
USA,San Francisco,California,The Layover,1,8,"""San Francisco""","Hotel Des Artes, 447 Bush St, San Francisco, California, USA"
USA,San Francisco,California,The Layover,1,8,"""San Francisco""","Lucero's Bacon Hot Dogs, 19th and Mission, San Francisco, California, USA"
USA,San Francisco,California,The Layover,1,8,"""San Francisco""","King of Noodles, 1639 Irving St, San Francisco, California, USA"
USA,San Francisco,California,The Layover,1,8,"""San Francisco""","Mission Chinese, 2234 Mission St, San Francisco, California, USA"
USA,San Francisco,California,The Layover,1,8,"""San Francisco""","La Folie, 2316 Polk St, San Francisco, California, USA"
USA,San Francisco,California,The Layover,1,8,"""San Francisco""","Molinari and Sons, 1401 Yosemite Ave, San Francisco, California, USA"
USA,San Francisco,California,The Layover,1,8,"""San Francisco""","Mr. Bing's, 201 Columbus Ave, San Francisco, California, USA"
USA,San Francisco,California,The Layover,1,8,"""San Francisco""","Rosamunde Sausage Grill, 2832 Mission St, San Francisco, California, USA"
USA,San Francisco,California,The Layover,1,8,"""San Francisco""","Sam's Pizza and Hamburgers, 618 Broadway St, San Francisco, California, USA"
USA,San Francisco,California,The Layover,1,8,"""San Francisco""","Pier 23 Café, The Embarcadero, San Francisco, California, USA"
USA,San Francisco,California,The Layover,1,8,"""San Francisco""","Rice Paper Scissors, San Francisco, California, USA"
USA,San Francisco,California,The Layover,1,8,"""San Francisco""","Swan Oyster Depot, 1517 Polk St, San Francisco, California, USA"
USA,San Francisco,California,The Layover,1,8,"""San Francisco""","To Hyang, 3815 Geary Blvd, San Francisco, California, USA"
USA,San Francisco,California,The Layover,1,8,"""San Francisco""","The Tonga Room, 950 Mason St, San Francisco, California, USA"
USA,San Francisco,California,The Layover,1,8,"""San Francisco""","Yuet Lee, 1300 Stockton St, San Francisco, California, USA"
USA,San Francisco,California,The Layover,1,8,"""San Francisco""","The Toronado Pub, 547 Haight St, San Francisco, California, USA"
USA,San Francisco,California,The Layover,1,8,"""San Francisco""","Zeitgeist, 199 Valencia St, San Francisco, California, USA"
USA,San Francisco,California,The Layover,1,8,"""San Francisco""","Twin Peaks, San Francisco, California, USA"
USA,San Francisco,California,The Layover,1,8,"""San Francisco""","Dolores Park, San Francisco, California, USA"
USA,San Francisco,California,The Layover,1,8,"""San Francisco""","The Alembic Bar, 1725 Haight St, San Francisco, California, USA"
USA,San Francisco,California,The Layover,1,8,"""San Francisco""","Benders Bar, 806 S Van Ness Ave, San Francisco, California, USA"
USA,San Francisco,California,The Layover,1,8,"""San Francisco""","Chaac Mool, San Francisco, California, USA"
USA,San Francisco,California,The Layover,1,8,"""San Francisco""","Blue Bottle Coffee, 66 Mint St, San Francisco, California, USA"
USA,San Francisco,California,The Layover,1,8,"""San Francisco""","Comstock Saloon, 155 Columbus Ave, San Francisco, California, USA"
USA,San Francisco,California,The Layover,1,8,"""San Francisco""","Boccalone, 1 Ferry Building #21, San Francisco, California, USA"
USA,San Francisco,California,The Layover,1,8,"""San Francisco""","El Huarache Loco, 100 Alemany Blvd, San Francisco, California, USA"
USA,San Francisco,California,The Layover,1,8,"""San Francisco""","San Francisco, California, USA"
USA,San Francisco,California,The Layover,1,8,"""San Francisco""","The Fairmont Hotel, 950 Mason St, San Francisco, California, USA"
USA,San Francisco,California,The Layover,1,8,"""San Francisco""","Bay Area Rapid Transit, San Francisco, California, USA"
USA,San Francisco,California,The Layover,1,8,"""San Francisco""","Off the Grid Food Trucks, San Francisco, California, USA"
USA,Los Angeles,California,The Layover,1,10,"""Los Angeles""","Chateau Marmont - 8221 Sunset Blvd., Hollywood, Los Angeles, California, USA"
USA,Los Angeles,California,The Layover,1,10,"""Los Angeles""","Philippe The Original - 1001 N. Alameda Street, Los Angeles, California, USA"
USA,Los Angeles,California,The Layover,1,10,"""Los Angeles""","Kokekokko, 203 S Central Ave, Los Angeles, California, USA"
USA,Los Angeles,California,The Layover,1,10,"""Los Angeles""","Jumbo's Clown Room, 5153 Hollywood Blvd, Los Angeles, California, USA"
USA,Los Angeles,California,The Layover,1,10,"""Los Angeles""","La Luz de Jesus Gallery, 4633 Hollywood Blvd, Los Angeles, California, USA"
USA,Los Angeles,California,The Layover,1,10,"""Los Angeles""","King Eddy Saloon - 131 E. 5th St., Los Angeles, California, USA"
USA,Los Angeles,California,The Layover,1,10,"""Los Angeles""","LudoTruck, Los Angeles, California, USA"
USA,Los Angeles,California,The Layover,1,10,"""Los Angeles""","Kogi Truck, Los Angeles, California, USA"
USA,Los Angeles,California,The Layover,1,10,"""Los Angeles""","Malibu, California, USA"
USA,Los Angeles,California,The Layover,1,10,"""Los Angeles""","Necromance, 7220 Melrose Ave, Los Angeles, California, USA"
USA,Los Angeles,California,The Layover,1,10,"""Los Angeles""","Senor Fish, 422 E 1st St, Los Angeles, California, USA"
USA,Los Angeles,California,The Layover,1,10,"""Los Angeles""","Tacos Villa Corona, 3185 Glendale Blvd, Los Angeles, California, USA"
USA,Los Angeles,California,The Layover,1,10,"""Los Angeles""","Los Angeles, California, USA"
USA,Los Angeles,California,The Layover,1,10,"""Los Angeles""","Animal, 435 N Fairfax Ave, Los Angeles, California, USA"
USA,Los Angeles,California,The Layover,1,10,"""Los Angeles""","Dan Sung Sa, 3317 W 6th St, Los Angeles, California, USA"
USA,Los Angeles,California,The Layover,1,10,"""Los Angeles""","Dearly Departed -- The Tragical History Tour, Los Angeles, California, USA"
USA,Los Angeles,California,The Layover,1,10,"""Los Angeles""","Book Soup - 8818 W. Sunset Blvd., West Hollywood, California, USA"
USA,Los Angeles,California,The Layover,1,10,"""Los Angeles""","Ham Ji Park, 3407 W 6th St, Ste 101-C, Los Angeles, California, USA"
USA,Los Angeles,California,The Layover,1,10,"""Los Angeles""","Shangri-La Hotel - 1301 Ocean Ave, Santa Monica, California, USA"
USA,Los Angeles,California,The Layover,1,10,"""Los Angeles""","Custom Hotel, 8639 Lincoln Blvd, Los Angeles, California, USA"
USA,Los Angeles,California,The Layover,1,10,"""Los Angeles""","In-N-Out Burger, 9149 S Sepulveda Blvd, Los Angeles, California, USA"
USA,Los Angeles,California,The Layover,1,10,"""Los Angeles""","The Varnish, 118 E 6th St, Los Angeles, California, USA"
USA,Los Angeles,California,The Layover,1,10,"""Los Angeles""","The Prince - 3198 W 7th St, Los Angeles, California, USA"
USA,Los Angeles,California,The Layover,1,10,"""Los Angeles""","Red Medicine, 8400 Wilshire Blvd, Beverly Hills, California, USA"
USA,Los Angeles,California,The Layover,1,10,"""Los Angeles""","Wacko, 4633 Hollywood Blvd, Los Angeles, California, USA"
USA,Los Angeles,California,The Layover,1,10,"""Los Angeles""","Yu Chun, 3185 W Olympic Blvd, Los Angeles, California, USA"
USA,Chicago,Illinois,The Layover,2,1,"""Chicago""",No Filming Locations
USA,Philadelphia,Pennsylvania,The Layover,2,3,"""Philadelphia""",No Filming Locations
USA,Atlanta,Georgia,The Layover,2,7,"""Atlanta""",No Filming Locations
USA,New Orleans,Louisiana,The Layover,2,9,"""New Orleans""",No Filming Locations
USA,Seattle,Washington,The Layover,2,10,"""Seattle""",No Filming Locations
Uzbekistan,,,No Reservations,1,8,"Uzbekistan""","The Peoples Palace, Tashkent, Uzbekistan"
Uzbekistan,,,No Reservations,1,8,"Uzbekistan""","Siyob Dehqon Bozori, Samarkand, Uzbekistan"
Uzbekistan,,,No Reservations,1,8,"Uzbekistan""","Aleko, Baykurgan Street, Tashkent, Uzbekistan"
Uzbekistan,,,No Reservations,1,8,"Uzbekistan""","Samarkand, Uzbekistan"
Uzbekistan,,,No Reservations,1,8,"Uzbekistan""","Jizzakh, Uzbekistan"
Uzbekistan,,,No Reservations,1,8,"Uzbekistan""","Gates of Tamerlane, Uzbekistan"
Vietnam,Ho Chi Minh City,,A Cooks Tour,1,3,Cobra Heart - Foods That Make You Manly,
Vietnam,Nha Trang,,A Cooks Tour,1,4,Eating on the Mekong,
Vietnam,Hanoi,,A Cooks Tour,2,12,Gone Bamboo,
Vietnam,,,No Reservations,1,4,"""Vietnam: The Island of Mr. Sang""","Ha Long Bay, Ha Long, Quang Ninh, Vietnam"
Vietnam,,,No Reservations,1,4,"""Vietnam: The Island of Mr. Sang""","Hanoi, Vietnam"
Vietnam,,,No Reservations,1,4,"""Vietnam: The Island of Mr. Sang""","Hotel Metropole, Hanoi, Vietnam"
Vietnam,,,No Reservations,1,4,"""Vietnam: The Island of Mr. Sang""","Bun Cha Nem Cua Kinh Moi, Hanoi, Vietnam"
Vietnam,,,No Reservations,1,4,"""Vietnam: The Island of Mr. Sang""","Bich Hue, Com Pho, Thuc An Chin, Kinh Moi, Vietnam"
Vietnam,,,No Reservations,1,4,"""Vietnam: The Island of Mr. Sang""","Lac Village, Mai Chau Valley, Vietnam"
Vietnam,,,No Reservations,1,4,"""Vietnam: The Island of Mr. Sang""","Tuan Chau Island, Vietnam"
Vietnam,Ho Chi Minh City,,No Reservations,5,10,"""Vietnam: There's No Place Like Home""",
Vietnam,Hoi An,,No Reservations,5,10,"""Vietnam: There's No Place Like Home""",
Vietnam,Da Lat,,No Reservations,6,10,"""Vietnam: Central Highlands""",
Vietnam,Hanoi,,No Reservations,6,10,"""Vietnam: Central Highlands""",
Vietnam,Hue,,Parts Unknown,4,5,"""Vietnam""",
Vietnam,Hanoi,,Parts Unknown,8,2,"""Hanoi""",
,,,,,,,
,,,No Reservations,2,Special,"""Leftovers""",No Filming Locations
,,,No Reservations,2,8,"""US/Mexico Border""","Laredo, Texas, USA"
,,,No Reservations,3,Special,"""Leftovers 2""",No Filming Locations
,,,No Reservations,4,19,"""So Long, Summer""",
,,,No Reservations,5,6,"""Food Porn""",
,,,No Reservations,5,14,"""Down on the Street""",
,,,No Reservations,5,18,"""Burning Questions""",
,,,No Reservations,6,7,"""Obsessed""",
,,,No Reservations,6,11,"""Techniques Special""",
,,,No Reservations,6,13,"""Food Porn 2""",
,,,No Reservations,6,18,"""Where It All Began""",
,,,No Reservations,6,23,"""What Were We Thinking Special""",
,,,No Reservations,6,26,"""Holiday Special""",
,,,No Reservations,7,17,"""Holiday Special 2011""",
,,,No Reservations,9,3,"""Sex, Drugs And Rock & Roll""",
,,,No Reservations,9,6,"""Seven Deadly Sins""",
,,,No Reservations,9,8,"""Off The Charts""",
,,,Parts Unknown,2,1,"""Prime Cuts: Season One[8]""",
,,,Parts Unknown,3,1,"""Prime Cuts: Season Two""",
,,,Parts Unknown,4,1,"""Prime Cuts: Season Three""",
,,,Parts Unknown,5,1,"""Prime Cuts: Season Four""",
,,,Parts Unknown,6,1,"""Prime Cuts: Season Five""",
,,,Parts Unknown,7,1,"""Prime Cuts: Season Six""",
,,,Parts Unknown,8,1,"""Prime Cuts: Season Seven""",
,,,Parts Unknown,9,1,"""Prime Cuts: Season Eight""",
,,,Parts Unknown,12,4,"""Tony's Impact""",
,,,Parts Unknown,12,6,"""Under the Tarp""",
,Rome,,The Layover,1,3,"""Rome""","Ponte Fabricio, Rome, Lazio, Italy"
,Rome,,The Layover,1,3,"""Rome""","Roma Termini Station, 00185 Rome, Lazio, Italy"
,Rome,,The Layover,1,3,"""Rome""","Protestant Cemetery, Via Caio Cestio, 6 00153 Rome, Lazio, Italy"
,Rome,,The Layover,1,3,"""Rome""","Sora Lella, Via di Ponte Quattro Capi, 16, 00186 Rome, Lazio, Italy"
,Rome,,The Layover,1,3,"""Rome""","Sora Maria in Prati, Rome, Lazio, Italy"
,Rome,,The Layover,1,3,"""Rome""","Ristoro Degli Angeli, Via Luigi Orlando, 2 00154 Rome, Lazio, Italy"
,Rome,,The Layover,1,3,"""Rome""","The Colosseum, Rome, Lazio, Italy"
,Rome,,The Layover,1,3,"""Rome""","Fiumicino Airport, Fiumicino, Lazio, Italy"
,Rome,,The Layover,1,3,"""Rome""","Elefunk Kitchen Club, Rome, Lazio, Italy"
,Rome,,The Layover,1,3,"""Rome""","Spanish Steps, Chiesa di Trinità dei Monti, Rome, Lazio, Italy"